
C:\Users\Administrator\Desktop\GGS_Geeks-Training-Tasks\accelerometer\Src\release\ADXL.elf:     file format elf32-avr

Sections:
Idx Name          Size      VMA       LMA       File off  Algn
  0 .text         00001284  00000000  00000000  00000094  2**1
                  CONTENTS, ALLOC, LOAD, READONLY, CODE
  1 .data         0000003e  00800060  00001284  00001318  2**0
                  CONTENTS, ALLOC, LOAD, DATA
  2 .bss          00000014  0080009e  0080009e  00001356  2**0
                  ALLOC
  3 .comment      0000002f  00000000  00000000  00001356  2**0
                  CONTENTS, READONLY
  4 .note.gnu.avr.deviceinfo 0000003c  00000000  00000000  00001388  2**2
                  CONTENTS, READONLY, OCTETS
  5 .debug_info   000004e6  00000000  00000000  000013c4  2**0
                  CONTENTS, READONLY, DEBUGGING, OCTETS
  6 .debug_abbrev 000004a3  00000000  00000000  000018aa  2**0
                  CONTENTS, READONLY, DEBUGGING, OCTETS
  7 .debug_line   0000001d  00000000  00000000  00001d4d  2**0
                  CONTENTS, READONLY, DEBUGGING, OCTETS
  8 .debug_str    00000196  00000000  00000000  00001d6a  2**0
                  CONTENTS, READONLY, DEBUGGING, OCTETS

Disassembly of section .text:

00000000 <__vectors>:
       0:	0c 94 2a 00 	jmp	0x54	; 0x54 <__ctors_end>
       4:	0c 94 47 00 	jmp	0x8e	; 0x8e <__bad_interrupt>
       8:	0c 94 47 00 	jmp	0x8e	; 0x8e <__bad_interrupt>
       c:	0c 94 47 00 	jmp	0x8e	; 0x8e <__bad_interrupt>
      10:	0c 94 47 00 	jmp	0x8e	; 0x8e <__bad_interrupt>
      14:	0c 94 47 00 	jmp	0x8e	; 0x8e <__bad_interrupt>
      18:	0c 94 47 00 	jmp	0x8e	; 0x8e <__bad_interrupt>
      1c:	0c 94 47 00 	jmp	0x8e	; 0x8e <__bad_interrupt>
      20:	0c 94 47 00 	jmp	0x8e	; 0x8e <__bad_interrupt>
      24:	0c 94 47 00 	jmp	0x8e	; 0x8e <__bad_interrupt>
      28:	0c 94 47 00 	jmp	0x8e	; 0x8e <__bad_interrupt>
      2c:	0c 94 47 00 	jmp	0x8e	; 0x8e <__bad_interrupt>
      30:	0c 94 47 00 	jmp	0x8e	; 0x8e <__bad_interrupt>
      34:	0c 94 47 00 	jmp	0x8e	; 0x8e <__bad_interrupt>
      38:	0c 94 47 00 	jmp	0x8e	; 0x8e <__bad_interrupt>
      3c:	0c 94 47 00 	jmp	0x8e	; 0x8e <__bad_interrupt>
      40:	0c 94 47 00 	jmp	0x8e	; 0x8e <__bad_interrupt>
      44:	0c 94 47 00 	jmp	0x8e	; 0x8e <__bad_interrupt>
      48:	0c 94 47 00 	jmp	0x8e	; 0x8e <__bad_interrupt>
      4c:	0c 94 47 00 	jmp	0x8e	; 0x8e <__bad_interrupt>
      50:	0c 94 47 00 	jmp	0x8e	; 0x8e <__bad_interrupt>

00000054 <__ctors_end>:
      54:	11 24       	eor	r1, r1
      56:	1f be       	out	0x3f, r1	; 63
      58:	cf e5       	ldi	r28, 0x5F	; 95
      5a:	d8 e0       	ldi	r29, 0x08	; 8
      5c:	de bf       	out	0x3e, r29	; 62
      5e:	cd bf       	out	0x3d, r28	; 61

00000060 <__do_copy_data>:
      60:	10 e0       	ldi	r17, 0x00	; 0

00000062 <.Loc.1>:
      62:	a0 e6       	ldi	r26, 0x60	; 96

00000064 <.Loc.2>:
      64:	b0 e0       	ldi	r27, 0x00	; 0

00000066 <.Loc.3>:
      66:	e4 e8       	ldi	r30, 0x84	; 132

00000068 <.Loc.4>:
      68:	f2 e1       	ldi	r31, 0x12	; 18

0000006a <.Loc.5>:
      6a:	02 c0       	rjmp	.+4      	; 0x70 <.L__do_copy_data_start>

0000006c <.L__do_copy_data_loop>:
      6c:	05 90       	lpm	r0, Z+

0000006e <.Loc.7>:
      6e:	0d 92       	st	X+, r0

00000070 <.L__do_copy_data_start>:
      70:	ae 39       	cpi	r26, 0x9E	; 158

00000072 <.Loc.9>:
      72:	b1 07       	cpc	r27, r17

00000074 <.Loc.10>:
      74:	d9 f7       	brne	.-10     	; 0x6c <.L__do_copy_data_loop>

00000076 <__do_clear_bss>:
      76:	20 e0       	ldi	r18, 0x00	; 0

00000078 <.Loc.1>:
      78:	ae e9       	ldi	r26, 0x9E	; 158

0000007a <.Loc.2>:
      7a:	b0 e0       	ldi	r27, 0x00	; 0

0000007c <.Loc.3>:
      7c:	01 c0       	rjmp	.+2      	; 0x80 <.Loc.5>

0000007e <.Loc.4>:
      7e:	1d 92       	st	X+, r1

00000080 <.Loc.5>:
      80:	a2 3b       	cpi	r26, 0xB2	; 178

00000082 <.Loc.6>:
      82:	b2 07       	cpc	r27, r18

00000084 <.Loc.7>:
      84:	e1 f7       	brne	.-8      	; 0x7e <.Loc.4>

00000086 <L0^A>:
      86:	0e 94 03 07 	call	0xe06	; 0xe06 <main>
      8a:	0c 94 40 09 	jmp	0x1280	; 0x1280 <_exit>

0000008e <__bad_interrupt>:
      8e:	0c 94 00 00 	jmp	0	; 0x0 <__vectors>

00000092 <ADXL_init>:
      92:	8f 92       	push	r8
      94:	9f 92       	push	r9
      96:	af 92       	push	r10
      98:	bf 92       	push	r11
      9a:	cf 92       	push	r12
      9c:	df 92       	push	r13
      9e:	ef 92       	push	r14
      a0:	ff 92       	push	r15
      a2:	0f 93       	push	r16
      a4:	1f 93       	push	r17
      a6:	cf 93       	push	r28
      a8:	df 93       	push	r29
      aa:	cd b7       	in	r28, 0x3d	; 61
      ac:	de b7       	in	r29, 0x3e	; 62
      ae:	6c 97       	sbiw	r28, 0x1c	; 28
      b0:	0f b6       	in	r0, 0x3f	; 63
      b2:	f8 94       	cli
      b4:	de bf       	out	0x3e, r29	; 62
      b6:	0f be       	out	0x3f, r0	; 63
      b8:	cd bf       	out	0x3d, r28	; 61
      ba:	8a e0       	ldi	r24, 0x0A	; 10
      bc:	e0 e6       	ldi	r30, 0x60	; 96
      be:	f0 e0       	ldi	r31, 0x00	; 0
      c0:	de 01       	movw	r26, r28
      c2:	53 96       	adiw	r26, 0x13	; 19

000000c4 <.L0^B1>:
      c4:	01 90       	ld	r0, Z+
      c6:	0d 92       	st	X+, r0
      c8:	8a 95       	dec	r24
      ca:	e1 f7       	brne	.-8      	; 0xc4 <.L0^B1>
      cc:	82 e1       	ldi	r24, 0x12	; 18
      ce:	ea e6       	ldi	r30, 0x6A	; 106
      d0:	f0 e0       	ldi	r31, 0x00	; 0
      d2:	de 01       	movw	r26, r28
      d4:	11 96       	adiw	r26, 0x01	; 1

000000d6 <.L0^B2>:
      d6:	01 90       	ld	r0, Z+
      d8:	0d 92       	st	X+, r0
      da:	8a 95       	dec	r24
      dc:	e1 f7       	brne	.-8      	; 0xd6 <.L0^B2>
      de:	0b 89       	ldd	r16, Y+19	; 0x13
      e0:	1c 89       	ldd	r17, Y+20	; 0x14
      e2:	2d 89       	ldd	r18, Y+21	; 0x15
      e4:	3e 89       	ldd	r19, Y+22	; 0x16
      e6:	4f 89       	ldd	r20, Y+23	; 0x17
      e8:	58 8d       	ldd	r21, Y+24	; 0x18
      ea:	69 8d       	ldd	r22, Y+25	; 0x19
      ec:	7a 8d       	ldd	r23, Y+26	; 0x1a
      ee:	8b 8d       	ldd	r24, Y+27	; 0x1b
      f0:	9c 8d       	ldd	r25, Y+28	; 0x1c
      f2:	0e 94 da 03 	call	0x7b4	; 0x7b4 <ADC_init>
      f6:	89 80       	ldd	r8, Y+1	; 0x01
      f8:	9a 80       	ldd	r9, Y+2	; 0x02
      fa:	ab 80       	ldd	r10, Y+3	; 0x03
      fc:	bc 80       	ldd	r11, Y+4	; 0x04
      fe:	cd 80       	ldd	r12, Y+5	; 0x05
     100:	de 80       	ldd	r13, Y+6	; 0x06
     102:	ef 80       	ldd	r14, Y+7	; 0x07
     104:	f8 84       	ldd	r15, Y+8	; 0x08
     106:	09 85       	ldd	r16, Y+9	; 0x09
     108:	1a 85       	ldd	r17, Y+10	; 0x0a
     10a:	2b 85       	ldd	r18, Y+11	; 0x0b
     10c:	3c 85       	ldd	r19, Y+12	; 0x0c
     10e:	4d 85       	ldd	r20, Y+13	; 0x0d
     110:	5e 85       	ldd	r21, Y+14	; 0x0e
     112:	6f 85       	ldd	r22, Y+15	; 0x0f
     114:	78 89       	ldd	r23, Y+16	; 0x10
     116:	89 89       	ldd	r24, Y+17	; 0x11
     118:	9a 89       	ldd	r25, Y+18	; 0x12
     11a:	0e 94 59 05 	call	0xab2	; 0xab2 <UART_init>
     11e:	40 e0       	ldi	r20, 0x00	; 0
     120:	60 e0       	ldi	r22, 0x00	; 0
     122:	80 e0       	ldi	r24, 0x00	; 0
     124:	0e 94 62 04 	call	0x8c4	; 0x8c4 <DIO_set_pin_direction>
     128:	40 e0       	ldi	r20, 0x00	; 0
     12a:	61 e0       	ldi	r22, 0x01	; 1
     12c:	81 e0       	ldi	r24, 0x01	; 1
     12e:	0e 94 62 04 	call	0x8c4	; 0x8c4 <DIO_set_pin_direction>
     132:	40 e0       	ldi	r20, 0x00	; 0
     134:	62 e0       	ldi	r22, 0x02	; 2
     136:	82 e0       	ldi	r24, 0x02	; 2
     138:	6c 96       	adiw	r28, 0x1c	; 28
     13a:	0f b6       	in	r0, 0x3f	; 63
     13c:	f8 94       	cli
     13e:	de bf       	out	0x3e, r29	; 62
     140:	0f be       	out	0x3f, r0	; 63
     142:	cd bf       	out	0x3d, r28	; 61
     144:	df 91       	pop	r29
     146:	cf 91       	pop	r28
     148:	1f 91       	pop	r17
     14a:	0f 91       	pop	r16
     14c:	ff 90       	pop	r15
     14e:	ef 90       	pop	r14
     150:	df 90       	pop	r13
     152:	cf 90       	pop	r12
     154:	bf 90       	pop	r11
     156:	af 90       	pop	r10
     158:	9f 90       	pop	r9
     15a:	8f 90       	pop	r8
     15c:	0c 94 62 04 	jmp	0x8c4	; 0x8c4 <DIO_set_pin_direction>

00000160 <ADXL_get_x_pos>:
     160:	80 e0       	ldi	r24, 0x00	; 0
     162:	90 e0       	ldi	r25, 0x00	; 0
     164:	0e 94 54 04 	call	0x8a8	; 0x8a8 <ADC_read_specific_channel>
     168:	80 e0       	ldi	r24, 0x00	; 0
     16a:	90 e0       	ldi	r25, 0x00	; 0
     16c:	0e 94 54 04 	call	0x8a8	; 0x8a8 <ADC_read_specific_channel>
     170:	bc 01       	movw	r22, r24
     172:	80 e0       	ldi	r24, 0x00	; 0
     174:	90 e0       	ldi	r25, 0x00	; 0
     176:	0e 94 45 08 	call	0x108a	; 0x108a <__floatunsisf>
     17a:	23 e3       	ldi	r18, 0x33	; 51
     17c:	33 e3       	ldi	r19, 0x33	; 51
     17e:	43 e5       	ldi	r20, 0x53	; 83
     180:	50 e4       	ldi	r21, 0x40	; 64
     182:	0e 94 d3 08 	call	0x11a6	; 0x11a6 <__mulsf3>
     186:	20 e0       	ldi	r18, 0x00	; 0
     188:	30 ec       	ldi	r19, 0xC0	; 192
     18a:	4f e7       	ldi	r20, 0x7F	; 127
     18c:	54 e4       	ldi	r21, 0x44	; 68
     18e:	0e 94 a4 07 	call	0xf48	; 0xf48 <__divsf3>
     192:	2d ec       	ldi	r18, 0xCD	; 205
     194:	3c ec       	ldi	r19, 0xCC	; 204
     196:	4c ec       	ldi	r20, 0xCC	; 204
     198:	5f e3       	ldi	r21, 0x3F	; 63
     19a:	0e 94 37 07 	call	0xe6e	; 0xe6e <__subsf3>
     19e:	23 ec       	ldi	r18, 0xC3	; 195
     1a0:	35 ef       	ldi	r19, 0xF5	; 245
     1a2:	48 ea       	ldi	r20, 0xA8	; 168
     1a4:	5e e3       	ldi	r21, 0x3E	; 62
     1a6:	0e 94 a4 07 	call	0xf48	; 0xf48 <__divsf3>
     1aa:	08 95       	ret

000001ac <ADXL_get_y_pos>:
     1ac:	81 e0       	ldi	r24, 0x01	; 1
     1ae:	90 e0       	ldi	r25, 0x00	; 0
     1b0:	0e 94 54 04 	call	0x8a8	; 0x8a8 <ADC_read_specific_channel>
     1b4:	81 e0       	ldi	r24, 0x01	; 1
     1b6:	90 e0       	ldi	r25, 0x00	; 0
     1b8:	0e 94 54 04 	call	0x8a8	; 0x8a8 <ADC_read_specific_channel>
     1bc:	bc 01       	movw	r22, r24
     1be:	80 e0       	ldi	r24, 0x00	; 0
     1c0:	90 e0       	ldi	r25, 0x00	; 0
     1c2:	0e 94 45 08 	call	0x108a	; 0x108a <__floatunsisf>
     1c6:	23 e3       	ldi	r18, 0x33	; 51
     1c8:	33 e3       	ldi	r19, 0x33	; 51
     1ca:	43 e5       	ldi	r20, 0x53	; 83
     1cc:	50 e4       	ldi	r21, 0x40	; 64
     1ce:	0e 94 d3 08 	call	0x11a6	; 0x11a6 <__mulsf3>
     1d2:	20 e0       	ldi	r18, 0x00	; 0
     1d4:	30 ec       	ldi	r19, 0xC0	; 192
     1d6:	4f e7       	ldi	r20, 0x7F	; 127
     1d8:	54 e4       	ldi	r21, 0x44	; 68
     1da:	0e 94 a4 07 	call	0xf48	; 0xf48 <__divsf3>
     1de:	2d ec       	ldi	r18, 0xCD	; 205
     1e0:	3c ec       	ldi	r19, 0xCC	; 204
     1e2:	4c ec       	ldi	r20, 0xCC	; 204
     1e4:	5f e3       	ldi	r21, 0x3F	; 63
     1e6:	0e 94 37 07 	call	0xe6e	; 0xe6e <__subsf3>
     1ea:	23 ec       	ldi	r18, 0xC3	; 195
     1ec:	35 ef       	ldi	r19, 0xF5	; 245
     1ee:	48 ea       	ldi	r20, 0xA8	; 168
     1f0:	5e e3       	ldi	r21, 0x3E	; 62
     1f2:	0e 94 a4 07 	call	0xf48	; 0xf48 <__divsf3>
     1f6:	08 95       	ret

000001f8 <ADXL_get_z_pos>:
     1f8:	82 e0       	ldi	r24, 0x02	; 2
     1fa:	90 e0       	ldi	r25, 0x00	; 0
     1fc:	0e 94 54 04 	call	0x8a8	; 0x8a8 <ADC_read_specific_channel>
     200:	82 e0       	ldi	r24, 0x02	; 2
     202:	90 e0       	ldi	r25, 0x00	; 0
     204:	0e 94 54 04 	call	0x8a8	; 0x8a8 <ADC_read_specific_channel>
     208:	bc 01       	movw	r22, r24
     20a:	80 e0       	ldi	r24, 0x00	; 0
     20c:	90 e0       	ldi	r25, 0x00	; 0
     20e:	0e 94 45 08 	call	0x108a	; 0x108a <__floatunsisf>
     212:	23 e3       	ldi	r18, 0x33	; 51
     214:	33 e3       	ldi	r19, 0x33	; 51
     216:	43 e5       	ldi	r20, 0x53	; 83
     218:	50 e4       	ldi	r21, 0x40	; 64
     21a:	0e 94 d3 08 	call	0x11a6	; 0x11a6 <__mulsf3>
     21e:	20 e0       	ldi	r18, 0x00	; 0
     220:	30 ec       	ldi	r19, 0xC0	; 192
     222:	4f e7       	ldi	r20, 0x7F	; 127
     224:	54 e4       	ldi	r21, 0x44	; 68
     226:	0e 94 a4 07 	call	0xf48	; 0xf48 <__divsf3>
     22a:	2d ec       	ldi	r18, 0xCD	; 205
     22c:	3c ec       	ldi	r19, 0xCC	; 204
     22e:	4c ec       	ldi	r20, 0xCC	; 204
     230:	5f e3       	ldi	r21, 0x3F	; 63
     232:	0e 94 37 07 	call	0xe6e	; 0xe6e <__subsf3>
     236:	23 ec       	ldi	r18, 0xC3	; 195
     238:	35 ef       	ldi	r19, 0xF5	; 245
     23a:	48 ea       	ldi	r20, 0xA8	; 168
     23c:	5e e3       	ldi	r21, 0x3E	; 62
     23e:	0e 94 a4 07 	call	0xf48	; 0xf48 <__divsf3>
     242:	08 95       	ret

00000244 <ADXL_uart_send_x_pos>:
     244:	8c e7       	ldi	r24, 0x7C	; 124
     246:	90 e0       	ldi	r25, 0x00	; 0
     248:	0e 94 4d 06 	call	0xc9a	; 0xc9a <UART_send_string_polling>
     24c:	80 e0       	ldi	r24, 0x00	; 0
     24e:	90 e0       	ldi	r25, 0x00	; 0
     250:	0e 94 54 04 	call	0x8a8	; 0x8a8 <ADC_read_specific_channel>
     254:	80 e0       	ldi	r24, 0x00	; 0
     256:	90 e0       	ldi	r25, 0x00	; 0
     258:	0e 94 54 04 	call	0x8a8	; 0x8a8 <ADC_read_specific_channel>
     25c:	bc 01       	movw	r22, r24
     25e:	80 e0       	ldi	r24, 0x00	; 0
     260:	90 e0       	ldi	r25, 0x00	; 0
     262:	0e 94 45 08 	call	0x108a	; 0x108a <__floatunsisf>
     266:	23 e3       	ldi	r18, 0x33	; 51
     268:	33 e3       	ldi	r19, 0x33	; 51
     26a:	43 e5       	ldi	r20, 0x53	; 83
     26c:	50 e4       	ldi	r21, 0x40	; 64
     26e:	0e 94 d3 08 	call	0x11a6	; 0x11a6 <__mulsf3>
     272:	20 e0       	ldi	r18, 0x00	; 0
     274:	30 ec       	ldi	r19, 0xC0	; 192
     276:	4f e7       	ldi	r20, 0x7F	; 127
     278:	54 e4       	ldi	r21, 0x44	; 68
     27a:	0e 94 a4 07 	call	0xf48	; 0xf48 <__divsf3>
     27e:	2d ec       	ldi	r18, 0xCD	; 205
     280:	3c ec       	ldi	r19, 0xCC	; 204
     282:	4c ec       	ldi	r20, 0xCC	; 204
     284:	5f e3       	ldi	r21, 0x3F	; 63
     286:	0e 94 37 07 	call	0xe6e	; 0xe6e <__subsf3>
     28a:	23 ec       	ldi	r18, 0xC3	; 195
     28c:	35 ef       	ldi	r19, 0xF5	; 245
     28e:	48 ea       	ldi	r20, 0xA8	; 168
     290:	5e e3       	ldi	r21, 0x3E	; 62
     292:	0e 94 a4 07 	call	0xf48	; 0xf48 <__divsf3>
     296:	0e 94 16 08 	call	0x102c	; 0x102c <__fixunssfsi>
     29a:	86 2f       	mov	r24, r22
     29c:	0e 94 96 06 	call	0xd2c	; 0xd2c <UART_send_number_polling>
     2a0:	85 e8       	ldi	r24, 0x85	; 133
     2a2:	90 e0       	ldi	r25, 0x00	; 0
     2a4:	0c 94 4d 06 	jmp	0xc9a	; 0xc9a <UART_send_string_polling>

000002a8 <ADXL_uart_send_y_pos>:
     2a8:	88 e8       	ldi	r24, 0x88	; 136
     2aa:	90 e0       	ldi	r25, 0x00	; 0
     2ac:	0e 94 4d 06 	call	0xc9a	; 0xc9a <UART_send_string_polling>
     2b0:	81 e0       	ldi	r24, 0x01	; 1
     2b2:	90 e0       	ldi	r25, 0x00	; 0
     2b4:	0e 94 54 04 	call	0x8a8	; 0x8a8 <ADC_read_specific_channel>
     2b8:	81 e0       	ldi	r24, 0x01	; 1
     2ba:	90 e0       	ldi	r25, 0x00	; 0
     2bc:	0e 94 54 04 	call	0x8a8	; 0x8a8 <ADC_read_specific_channel>
     2c0:	bc 01       	movw	r22, r24
     2c2:	80 e0       	ldi	r24, 0x00	; 0
     2c4:	90 e0       	ldi	r25, 0x00	; 0
     2c6:	0e 94 45 08 	call	0x108a	; 0x108a <__floatunsisf>
     2ca:	23 e3       	ldi	r18, 0x33	; 51
     2cc:	33 e3       	ldi	r19, 0x33	; 51
     2ce:	43 e5       	ldi	r20, 0x53	; 83
     2d0:	50 e4       	ldi	r21, 0x40	; 64
     2d2:	0e 94 d3 08 	call	0x11a6	; 0x11a6 <__mulsf3>
     2d6:	20 e0       	ldi	r18, 0x00	; 0
     2d8:	30 ec       	ldi	r19, 0xC0	; 192
     2da:	4f e7       	ldi	r20, 0x7F	; 127
     2dc:	54 e4       	ldi	r21, 0x44	; 68
     2de:	0e 94 a4 07 	call	0xf48	; 0xf48 <__divsf3>
     2e2:	2d ec       	ldi	r18, 0xCD	; 205
     2e4:	3c ec       	ldi	r19, 0xCC	; 204
     2e6:	4c ec       	ldi	r20, 0xCC	; 204
     2e8:	5f e3       	ldi	r21, 0x3F	; 63
     2ea:	0e 94 37 07 	call	0xe6e	; 0xe6e <__subsf3>
     2ee:	23 ec       	ldi	r18, 0xC3	; 195
     2f0:	35 ef       	ldi	r19, 0xF5	; 245
     2f2:	48 ea       	ldi	r20, 0xA8	; 168
     2f4:	5e e3       	ldi	r21, 0x3E	; 62
     2f6:	0e 94 a4 07 	call	0xf48	; 0xf48 <__divsf3>
     2fa:	0e 94 16 08 	call	0x102c	; 0x102c <__fixunssfsi>
     2fe:	86 2f       	mov	r24, r22
     300:	0e 94 96 06 	call	0xd2c	; 0xd2c <UART_send_number_polling>
     304:	85 e8       	ldi	r24, 0x85	; 133
     306:	90 e0       	ldi	r25, 0x00	; 0
     308:	0c 94 4d 06 	jmp	0xc9a	; 0xc9a <UART_send_string_polling>

0000030c <ADXL_uart_send_z_pos>:
     30c:	81 e9       	ldi	r24, 0x91	; 145
     30e:	90 e0       	ldi	r25, 0x00	; 0
     310:	0e 94 4d 06 	call	0xc9a	; 0xc9a <UART_send_string_polling>
     314:	82 e0       	ldi	r24, 0x02	; 2
     316:	90 e0       	ldi	r25, 0x00	; 0
     318:	0e 94 54 04 	call	0x8a8	; 0x8a8 <ADC_read_specific_channel>
     31c:	82 e0       	ldi	r24, 0x02	; 2
     31e:	90 e0       	ldi	r25, 0x00	; 0
     320:	0e 94 54 04 	call	0x8a8	; 0x8a8 <ADC_read_specific_channel>
     324:	bc 01       	movw	r22, r24
     326:	80 e0       	ldi	r24, 0x00	; 0
     328:	90 e0       	ldi	r25, 0x00	; 0
     32a:	0e 94 45 08 	call	0x108a	; 0x108a <__floatunsisf>
     32e:	23 e3       	ldi	r18, 0x33	; 51
     330:	33 e3       	ldi	r19, 0x33	; 51
     332:	43 e5       	ldi	r20, 0x53	; 83
     334:	50 e4       	ldi	r21, 0x40	; 64
     336:	0e 94 d3 08 	call	0x11a6	; 0x11a6 <__mulsf3>
     33a:	20 e0       	ldi	r18, 0x00	; 0
     33c:	30 ec       	ldi	r19, 0xC0	; 192
     33e:	4f e7       	ldi	r20, 0x7F	; 127
     340:	54 e4       	ldi	r21, 0x44	; 68
     342:	0e 94 a4 07 	call	0xf48	; 0xf48 <__divsf3>
     346:	2d ec       	ldi	r18, 0xCD	; 205
     348:	3c ec       	ldi	r19, 0xCC	; 204
     34a:	4c ec       	ldi	r20, 0xCC	; 204
     34c:	5f e3       	ldi	r21, 0x3F	; 63
     34e:	0e 94 37 07 	call	0xe6e	; 0xe6e <__subsf3>
     352:	23 ec       	ldi	r18, 0xC3	; 195
     354:	35 ef       	ldi	r19, 0xF5	; 245
     356:	48 ea       	ldi	r20, 0xA8	; 168
     358:	5e e3       	ldi	r21, 0x3E	; 62
     35a:	0e 94 a4 07 	call	0xf48	; 0xf48 <__divsf3>
     35e:	0e 94 16 08 	call	0x102c	; 0x102c <__fixunssfsi>
     362:	86 2f       	mov	r24, r22
     364:	0e 94 96 06 	call	0xd2c	; 0xd2c <UART_send_number_polling>
     368:	85 e8       	ldi	r24, 0x85	; 133
     36a:	90 e0       	ldi	r25, 0x00	; 0
     36c:	0c 94 4d 06 	jmp	0xc9a	; 0xc9a <UART_send_string_polling>

00000370 <ADXL_uart_send_accel>:
     370:	0e 94 22 01 	call	0x244	; 0x244 <ADXL_uart_send_x_pos>
     374:	0e 94 54 01 	call	0x2a8	; 0x2a8 <ADXL_uart_send_y_pos>
     378:	0c 94 86 01 	jmp	0x30c	; 0x30c <ADXL_uart_send_z_pos>

0000037c <LCD_write_data>:
     37c:	cf 93       	push	r28
     37e:	c8 2f       	mov	r28, r24
     380:	80 91 9e 00 	lds	r24, 0x009E	; 0x80009e <mode_type>
     384:	81 30       	cpi	r24, 0x01	; 1
     386:	20 f0       	brcs	.+8      	; 0x390 <.L6>
     388:	09 f4       	brne	.+2      	; 0x38c <L0^A+0x2>

0000038a <L0^A>:
     38a:	5f c0       	rjmp	.+190    	; 0x44a <.L7>
     38c:	cf 91       	pop	r28
     38e:	08 95       	ret

00000390 <.L6>:
     390:	41 e0       	ldi	r20, 0x01	; 1
     392:	62 e0       	ldi	r22, 0x02	; 2
     394:	82 e0       	ldi	r24, 0x02	; 2
     396:	0e 94 9d 04 	call	0x93a	; 0x93a <DIO_set_pin_value>
     39a:	c4 fb       	bst	r28, 4
     39c:	44 27       	eor	r20, r20
     39e:	40 f9       	bld	r20, 0
     3a0:	64 e0       	ldi	r22, 0x04	; 4
     3a2:	82 e0       	ldi	r24, 0x02	; 2
     3a4:	0e 94 9d 04 	call	0x93a	; 0x93a <DIO_set_pin_value>
     3a8:	c5 fb       	bst	r28, 5
     3aa:	44 27       	eor	r20, r20
     3ac:	40 f9       	bld	r20, 0
     3ae:	65 e0       	ldi	r22, 0x05	; 5
     3b0:	82 e0       	ldi	r24, 0x02	; 2
     3b2:	0e 94 9d 04 	call	0x93a	; 0x93a <DIO_set_pin_value>
     3b6:	c6 fb       	bst	r28, 6
     3b8:	44 27       	eor	r20, r20
     3ba:	40 f9       	bld	r20, 0
     3bc:	66 e0       	ldi	r22, 0x06	; 6
     3be:	82 e0       	ldi	r24, 0x02	; 2
     3c0:	0e 94 9d 04 	call	0x93a	; 0x93a <DIO_set_pin_value>
     3c4:	c7 fb       	bst	r28, 7
     3c6:	44 27       	eor	r20, r20
     3c8:	40 f9       	bld	r20, 0
     3ca:	67 e0       	ldi	r22, 0x07	; 7
     3cc:	82 e0       	ldi	r24, 0x02	; 2
     3ce:	0e 94 9d 04 	call	0x93a	; 0x93a <DIO_set_pin_value>
     3d2:	41 e0       	ldi	r20, 0x01	; 1
     3d4:	63 e0       	ldi	r22, 0x03	; 3
     3d6:	82 e0       	ldi	r24, 0x02	; 2
     3d8:	0e 94 9d 04 	call	0x93a	; 0x93a <DIO_set_pin_value>
     3dc:	8f ec       	ldi	r24, 0xCF	; 207
     3de:	97 e0       	ldi	r25, 0x07	; 7

000003e0 <.L1^B1>:
     3e0:	01 97       	sbiw	r24, 0x01	; 1
     3e2:	f1 f7       	brne	.-4      	; 0x3e0 <.L1^B1>
     3e4:	00 c0       	rjmp	.+0      	; 0x3e6 <L0^A>

000003e6 <L0^A>:
     3e6:	00 00       	nop
     3e8:	40 e0       	ldi	r20, 0x00	; 0
     3ea:	63 e0       	ldi	r22, 0x03	; 3
     3ec:	82 e0       	ldi	r24, 0x02	; 2
     3ee:	0e 94 9d 04 	call	0x93a	; 0x93a <DIO_set_pin_value>
     3f2:	4c 2f       	mov	r20, r28
     3f4:	41 70       	andi	r20, 0x01	; 1
     3f6:	64 e0       	ldi	r22, 0x04	; 4
     3f8:	82 e0       	ldi	r24, 0x02	; 2
     3fa:	0e 94 9d 04 	call	0x93a	; 0x93a <DIO_set_pin_value>
     3fe:	c1 fb       	bst	r28, 1
     400:	44 27       	eor	r20, r20
     402:	40 f9       	bld	r20, 0
     404:	65 e0       	ldi	r22, 0x05	; 5
     406:	82 e0       	ldi	r24, 0x02	; 2
     408:	0e 94 9d 04 	call	0x93a	; 0x93a <DIO_set_pin_value>
     40c:	c2 fb       	bst	r28, 2
     40e:	44 27       	eor	r20, r20
     410:	40 f9       	bld	r20, 0
     412:	66 e0       	ldi	r22, 0x06	; 6
     414:	82 e0       	ldi	r24, 0x02	; 2
     416:	0e 94 9d 04 	call	0x93a	; 0x93a <DIO_set_pin_value>
     41a:	c3 fb       	bst	r28, 3
     41c:	44 27       	eor	r20, r20
     41e:	40 f9       	bld	r20, 0
     420:	67 e0       	ldi	r22, 0x07	; 7
     422:	82 e0       	ldi	r24, 0x02	; 2
     424:	0e 94 9d 04 	call	0x93a	; 0x93a <DIO_set_pin_value>

00000428 <.L4>:
     428:	41 e0       	ldi	r20, 0x01	; 1
     42a:	63 e0       	ldi	r22, 0x03	; 3
     42c:	82 e0       	ldi	r24, 0x02	; 2
     42e:	0e 94 9d 04 	call	0x93a	; 0x93a <DIO_set_pin_value>
     432:	8f ec       	ldi	r24, 0xCF	; 207
     434:	97 e0       	ldi	r25, 0x07	; 7

00000436 <.L1^B2>:
     436:	01 97       	sbiw	r24, 0x01	; 1
     438:	f1 f7       	brne	.-4      	; 0x436 <.L1^B2>
     43a:	00 c0       	rjmp	.+0      	; 0x43c <L0^A>

0000043c <L0^A>:
     43c:	00 00       	nop
     43e:	40 e0       	ldi	r20, 0x00	; 0
     440:	63 e0       	ldi	r22, 0x03	; 3
     442:	82 e0       	ldi	r24, 0x02	; 2
     444:	cf 91       	pop	r28
     446:	0c 94 9d 04 	jmp	0x93a	; 0x93a <DIO_set_pin_value>

0000044a <.L7>:
     44a:	41 e0       	ldi	r20, 0x01	; 1
     44c:	62 e0       	ldi	r22, 0x02	; 2
     44e:	82 e0       	ldi	r24, 0x02	; 2
     450:	0e 94 9d 04 	call	0x93a	; 0x93a <DIO_set_pin_value>
     454:	6c 2f       	mov	r22, r28
     456:	82 e0       	ldi	r24, 0x02	; 2
     458:	0e 94 37 05 	call	0xa6e	; 0xa6e <DIO_set_group_value>
     45c:	e5 cf       	rjmp	.-54     	; 0x428 <.L4>

0000045e <LCD_write_command>:
     45e:	cf 93       	push	r28
     460:	c8 2f       	mov	r28, r24
     462:	80 91 9e 00 	lds	r24, 0x009E	; 0x80009e <mode_type>
     466:	81 30       	cpi	r24, 0x01	; 1
     468:	20 f0       	brcs	.+8      	; 0x472 <.L12>
     46a:	09 f4       	brne	.+2      	; 0x46e <L0^A+0x2>

0000046c <L0^A>:
     46c:	5f c0       	rjmp	.+190    	; 0x52c <.L13>
     46e:	cf 91       	pop	r28
     470:	08 95       	ret

00000472 <.L12>:
     472:	40 e0       	ldi	r20, 0x00	; 0
     474:	62 e0       	ldi	r22, 0x02	; 2
     476:	82 e0       	ldi	r24, 0x02	; 2
     478:	0e 94 9d 04 	call	0x93a	; 0x93a <DIO_set_pin_value>
     47c:	c4 fb       	bst	r28, 4
     47e:	44 27       	eor	r20, r20
     480:	40 f9       	bld	r20, 0
     482:	64 e0       	ldi	r22, 0x04	; 4
     484:	82 e0       	ldi	r24, 0x02	; 2
     486:	0e 94 9d 04 	call	0x93a	; 0x93a <DIO_set_pin_value>
     48a:	c5 fb       	bst	r28, 5
     48c:	44 27       	eor	r20, r20
     48e:	40 f9       	bld	r20, 0
     490:	65 e0       	ldi	r22, 0x05	; 5
     492:	82 e0       	ldi	r24, 0x02	; 2
     494:	0e 94 9d 04 	call	0x93a	; 0x93a <DIO_set_pin_value>
     498:	c6 fb       	bst	r28, 6
     49a:	44 27       	eor	r20, r20
     49c:	40 f9       	bld	r20, 0
     49e:	66 e0       	ldi	r22, 0x06	; 6
     4a0:	82 e0       	ldi	r24, 0x02	; 2
     4a2:	0e 94 9d 04 	call	0x93a	; 0x93a <DIO_set_pin_value>
     4a6:	c7 fb       	bst	r28, 7
     4a8:	44 27       	eor	r20, r20
     4aa:	40 f9       	bld	r20, 0
     4ac:	67 e0       	ldi	r22, 0x07	; 7
     4ae:	82 e0       	ldi	r24, 0x02	; 2
     4b0:	0e 94 9d 04 	call	0x93a	; 0x93a <DIO_set_pin_value>
     4b4:	41 e0       	ldi	r20, 0x01	; 1
     4b6:	63 e0       	ldi	r22, 0x03	; 3
     4b8:	82 e0       	ldi	r24, 0x02	; 2
     4ba:	0e 94 9d 04 	call	0x93a	; 0x93a <DIO_set_pin_value>
     4be:	8f ec       	ldi	r24, 0xCF	; 207
     4c0:	97 e0       	ldi	r25, 0x07	; 7

000004c2 <.L1^B3>:
     4c2:	01 97       	sbiw	r24, 0x01	; 1
     4c4:	f1 f7       	brne	.-4      	; 0x4c2 <.L1^B3>
     4c6:	00 c0       	rjmp	.+0      	; 0x4c8 <L0^A>

000004c8 <L0^A>:
     4c8:	00 00       	nop
     4ca:	40 e0       	ldi	r20, 0x00	; 0
     4cc:	63 e0       	ldi	r22, 0x03	; 3
     4ce:	82 e0       	ldi	r24, 0x02	; 2
     4d0:	0e 94 9d 04 	call	0x93a	; 0x93a <DIO_set_pin_value>
     4d4:	4c 2f       	mov	r20, r28
     4d6:	41 70       	andi	r20, 0x01	; 1
     4d8:	64 e0       	ldi	r22, 0x04	; 4
     4da:	82 e0       	ldi	r24, 0x02	; 2
     4dc:	0e 94 9d 04 	call	0x93a	; 0x93a <DIO_set_pin_value>
     4e0:	c1 fb       	bst	r28, 1
     4e2:	44 27       	eor	r20, r20
     4e4:	40 f9       	bld	r20, 0
     4e6:	65 e0       	ldi	r22, 0x05	; 5
     4e8:	82 e0       	ldi	r24, 0x02	; 2
     4ea:	0e 94 9d 04 	call	0x93a	; 0x93a <DIO_set_pin_value>
     4ee:	c2 fb       	bst	r28, 2
     4f0:	44 27       	eor	r20, r20
     4f2:	40 f9       	bld	r20, 0
     4f4:	66 e0       	ldi	r22, 0x06	; 6
     4f6:	82 e0       	ldi	r24, 0x02	; 2
     4f8:	0e 94 9d 04 	call	0x93a	; 0x93a <DIO_set_pin_value>
     4fc:	c3 fb       	bst	r28, 3
     4fe:	44 27       	eor	r20, r20
     500:	40 f9       	bld	r20, 0
     502:	67 e0       	ldi	r22, 0x07	; 7
     504:	82 e0       	ldi	r24, 0x02	; 2
     506:	0e 94 9d 04 	call	0x93a	; 0x93a <DIO_set_pin_value>

0000050a <.L11>:
     50a:	41 e0       	ldi	r20, 0x01	; 1
     50c:	63 e0       	ldi	r22, 0x03	; 3
     50e:	82 e0       	ldi	r24, 0x02	; 2
     510:	0e 94 9d 04 	call	0x93a	; 0x93a <DIO_set_pin_value>
     514:	8f ec       	ldi	r24, 0xCF	; 207
     516:	97 e0       	ldi	r25, 0x07	; 7

00000518 <.L1^B4>:
     518:	01 97       	sbiw	r24, 0x01	; 1
     51a:	f1 f7       	brne	.-4      	; 0x518 <.L1^B4>
     51c:	00 c0       	rjmp	.+0      	; 0x51e <L0^A>

0000051e <L0^A>:
     51e:	00 00       	nop
     520:	40 e0       	ldi	r20, 0x00	; 0
     522:	63 e0       	ldi	r22, 0x03	; 3
     524:	82 e0       	ldi	r24, 0x02	; 2
     526:	cf 91       	pop	r28
     528:	0c 94 9d 04 	jmp	0x93a	; 0x93a <DIO_set_pin_value>

0000052c <.L13>:
     52c:	40 e0       	ldi	r20, 0x00	; 0
     52e:	62 e0       	ldi	r22, 0x02	; 2
     530:	82 e0       	ldi	r24, 0x02	; 2
     532:	0e 94 9d 04 	call	0x93a	; 0x93a <DIO_set_pin_value>
     536:	6c 2f       	mov	r22, r28
     538:	82 e0       	ldi	r24, 0x02	; 2
     53a:	0e 94 37 05 	call	0xa6e	; 0xa6e <DIO_set_group_value>
     53e:	e5 cf       	rjmp	.-54     	; 0x50a <.L11>

00000540 <LCD_init>:
     540:	cf 93       	push	r28
     542:	c8 2f       	mov	r28, r24
     544:	81 30       	cpi	r24, 0x01	; 1
     546:	20 f0       	brcs	.+8      	; 0x550 <.L17>
     548:	09 f4       	brne	.+2      	; 0x54c <L0^A+0x2>

0000054a <L0^A>:
     54a:	4a c0       	rjmp	.+148    	; 0x5e0 <.L18>
     54c:	cf 91       	pop	r28
     54e:	08 95       	ret

00000550 <.L17>:
     550:	60 ef       	ldi	r22, 0xF0	; 240
     552:	82 e0       	ldi	r24, 0x02	; 2
     554:	0e 94 27 05 	call	0xa4e	; 0xa4e <DIO_set_group_direction>
     558:	41 e0       	ldi	r20, 0x01	; 1
     55a:	62 e0       	ldi	r22, 0x02	; 2
     55c:	82 e0       	ldi	r24, 0x02	; 2
     55e:	0e 94 62 04 	call	0x8c4	; 0x8c4 <DIO_set_pin_direction>
     562:	41 e0       	ldi	r20, 0x01	; 1
     564:	63 e0       	ldi	r22, 0x03	; 3
     566:	82 e0       	ldi	r24, 0x02	; 2
     568:	0e 94 62 04 	call	0x8c4	; 0x8c4 <DIO_set_pin_direction>
     56c:	2f eb       	ldi	r18, 0xBF	; 191
     56e:	8a ed       	ldi	r24, 0xDA	; 218
     570:	90 e0       	ldi	r25, 0x00	; 0

00000572 <.L1^B5>:
     572:	21 50       	subi	r18, 0x01	; 1
     574:	80 40       	sbci	r24, 0x00	; 0
     576:	90 40       	sbci	r25, 0x00	; 0
     578:	e1 f7       	brne	.-8      	; 0x572 <.L1^B5>
     57a:	00 c0       	rjmp	.+0      	; 0x57c <L0^A>

0000057c <L0^A>:
     57c:	00 00       	nop
     57e:	82 e0       	ldi	r24, 0x02	; 2
     580:	0e 94 2f 02 	call	0x45e	; 0x45e <LCD_write_command>
     584:	8f e9       	ldi	r24, 0x9F	; 159
     586:	9f e0       	ldi	r25, 0x0F	; 15

00000588 <.L1^B6>:
     588:	01 97       	sbiw	r24, 0x01	; 1
     58a:	f1 f7       	brne	.-4      	; 0x588 <.L1^B6>
     58c:	00 c0       	rjmp	.+0      	; 0x58e <L0^A>

0000058e <L0^A>:
     58e:	00 00       	nop
     590:	88 e2       	ldi	r24, 0x28	; 40
     592:	0e 94 2f 02 	call	0x45e	; 0x45e <LCD_write_command>
     596:	8f ec       	ldi	r24, 0xCF	; 207
     598:	97 e0       	ldi	r25, 0x07	; 7

0000059a <.L1^B7>:
     59a:	01 97       	sbiw	r24, 0x01	; 1
     59c:	f1 f7       	brne	.-4      	; 0x59a <.L1^B7>
     59e:	00 c0       	rjmp	.+0      	; 0x5a0 <L0^A>

000005a0 <L0^A>:
     5a0:	00 00       	nop
     5a2:	8c e0       	ldi	r24, 0x0C	; 12
     5a4:	0e 94 2f 02 	call	0x45e	; 0x45e <LCD_write_command>
     5a8:	8f ec       	ldi	r24, 0xCF	; 207
     5aa:	97 e0       	ldi	r25, 0x07	; 7

000005ac <.L1^B8>:
     5ac:	01 97       	sbiw	r24, 0x01	; 1
     5ae:	f1 f7       	brne	.-4      	; 0x5ac <.L1^B8>
     5b0:	00 c0       	rjmp	.+0      	; 0x5b2 <L0^A>

000005b2 <L0^A>:
     5b2:	00 00       	nop
     5b4:	81 e0       	ldi	r24, 0x01	; 1
     5b6:	0e 94 2f 02 	call	0x45e	; 0x45e <LCD_write_command>
     5ba:	8f e9       	ldi	r24, 0x9F	; 159
     5bc:	9f e0       	ldi	r25, 0x0F	; 15

000005be <.L1^B9>:
     5be:	01 97       	sbiw	r24, 0x01	; 1
     5c0:	f1 f7       	brne	.-4      	; 0x5be <.L1^B9>
     5c2:	00 c0       	rjmp	.+0      	; 0x5c4 <L0^A>

000005c4 <L0^A>:
     5c4:	00 00       	nop
     5c6:	86 e0       	ldi	r24, 0x06	; 6
     5c8:	0e 94 2f 02 	call	0x45e	; 0x45e <LCD_write_command>
     5cc:	8f ec       	ldi	r24, 0xCF	; 207
     5ce:	97 e0       	ldi	r25, 0x07	; 7

000005d0 <.L1^B10>:
     5d0:	01 97       	sbiw	r24, 0x01	; 1
     5d2:	f1 f7       	brne	.-4      	; 0x5d0 <.L1^B10>
     5d4:	00 c0       	rjmp	.+0      	; 0x5d6 <L0^A>

000005d6 <L0^A>:
     5d6:	00 00       	nop
     5d8:	10 92 9e 00 	sts	0x009E, r1	; 0x80009e <mode_type>
     5dc:	cf 91       	pop	r28
     5de:	08 95       	ret

000005e0 <.L18>:
     5e0:	6f ef       	ldi	r22, 0xFF	; 255
     5e2:	82 e0       	ldi	r24, 0x02	; 2
     5e4:	0e 94 27 05 	call	0xa4e	; 0xa4e <DIO_set_group_direction>
     5e8:	41 e0       	ldi	r20, 0x01	; 1
     5ea:	62 e0       	ldi	r22, 0x02	; 2
     5ec:	82 e0       	ldi	r24, 0x02	; 2
     5ee:	0e 94 62 04 	call	0x8c4	; 0x8c4 <DIO_set_pin_direction>
     5f2:	41 e0       	ldi	r20, 0x01	; 1
     5f4:	63 e0       	ldi	r22, 0x03	; 3
     5f6:	82 e0       	ldi	r24, 0x02	; 2
     5f8:	0e 94 62 04 	call	0x8c4	; 0x8c4 <DIO_set_pin_direction>
     5fc:	9f eb       	ldi	r25, 0xBF	; 191
     5fe:	2a ed       	ldi	r18, 0xDA	; 218
     600:	80 e0       	ldi	r24, 0x00	; 0

00000602 <.L1^B11>:
     602:	91 50       	subi	r25, 0x01	; 1
     604:	20 40       	sbci	r18, 0x00	; 0
     606:	80 40       	sbci	r24, 0x00	; 0
     608:	e1 f7       	brne	.-8      	; 0x602 <.L1^B11>
     60a:	00 c0       	rjmp	.+0      	; 0x60c <L0^A>

0000060c <L0^A>:
     60c:	00 00       	nop
     60e:	88 e3       	ldi	r24, 0x38	; 56
     610:	0e 94 2f 02 	call	0x45e	; 0x45e <LCD_write_command>
     614:	8f ec       	ldi	r24, 0xCF	; 207
     616:	97 e0       	ldi	r25, 0x07	; 7

00000618 <.L1^B12>:
     618:	01 97       	sbiw	r24, 0x01	; 1
     61a:	f1 f7       	brne	.-4      	; 0x618 <.L1^B12>
     61c:	00 c0       	rjmp	.+0      	; 0x61e <L0^A>

0000061e <L0^A>:
     61e:	00 00       	nop
     620:	8e e0       	ldi	r24, 0x0E	; 14
     622:	0e 94 2f 02 	call	0x45e	; 0x45e <LCD_write_command>
     626:	8f ec       	ldi	r24, 0xCF	; 207
     628:	97 e0       	ldi	r25, 0x07	; 7

0000062a <.L1^B13>:
     62a:	01 97       	sbiw	r24, 0x01	; 1
     62c:	f1 f7       	brne	.-4      	; 0x62a <.L1^B13>
     62e:	00 c0       	rjmp	.+0      	; 0x630 <L0^A>

00000630 <L0^A>:
     630:	00 00       	nop
     632:	81 e0       	ldi	r24, 0x01	; 1
     634:	0e 94 2f 02 	call	0x45e	; 0x45e <LCD_write_command>
     638:	8f e9       	ldi	r24, 0x9F	; 159
     63a:	9f e0       	ldi	r25, 0x0F	; 15

0000063c <.L1^B14>:
     63c:	01 97       	sbiw	r24, 0x01	; 1
     63e:	f1 f7       	brne	.-4      	; 0x63c <.L1^B14>
     640:	00 c0       	rjmp	.+0      	; 0x642 <L0^A>

00000642 <L0^A>:
     642:	00 00       	nop
     644:	86 e0       	ldi	r24, 0x06	; 6
     646:	0e 94 2f 02 	call	0x45e	; 0x45e <LCD_write_command>
     64a:	8f ec       	ldi	r24, 0xCF	; 207
     64c:	97 e0       	ldi	r25, 0x07	; 7

0000064e <.L1^B15>:
     64e:	01 97       	sbiw	r24, 0x01	; 1
     650:	f1 f7       	brne	.-4      	; 0x64e <.L1^B15>
     652:	00 c0       	rjmp	.+0      	; 0x654 <L0^A>

00000654 <L0^A>:
     654:	00 00       	nop
     656:	c0 93 9e 00 	sts	0x009E, r28	; 0x80009e <mode_type>
     65a:	cf 91       	pop	r28
     65c:	08 95       	ret

0000065e <LCD_write_string>:
     65e:	0f 93       	push	r16
     660:	1f 93       	push	r17
     662:	cf 93       	push	r28
     664:	8c 01       	movw	r16, r24
     666:	fc 01       	movw	r30, r24
     668:	80 81       	ld	r24, Z
     66a:	81 15       	cp	r24, r1
     66c:	51 f0       	breq	.+20     	; 0x682 <.L19>
     66e:	c0 e0       	ldi	r28, 0x00	; 0

00000670 <.L21>:
     670:	0e 94 be 01 	call	0x37c	; 0x37c <LCD_write_data>
     674:	cf 5f       	subi	r28, 0xFF	; 255
     676:	f8 01       	movw	r30, r16
     678:	ec 0f       	add	r30, r28
     67a:	f1 1d       	adc	r31, r1
     67c:	80 81       	ld	r24, Z
     67e:	81 11       	cpse	r24, r1
     680:	f7 cf       	rjmp	.-18     	; 0x670 <.L21>

00000682 <.L19>:
     682:	cf 91       	pop	r28
     684:	1f 91       	pop	r17
     686:	0f 91       	pop	r16
     688:	08 95       	ret

0000068a <LCD_go_to_XY>:
     68a:	81 30       	cpi	r24, 0x01	; 1
     68c:	48 f0       	brcs	.+18     	; 0x6a0 <.L27>
     68e:	29 f4       	brne	.+10     	; 0x69a <.L30>
     690:	80 e4       	ldi	r24, 0x40	; 64
     692:	86 0f       	add	r24, r22
     694:	80 68       	ori	r24, 0x80	; 128
     696:	0c 94 2f 02 	jmp	0x45e	; 0x45e <LCD_write_command>

0000069a <.L30>:
     69a:	80 e8       	ldi	r24, 0x80	; 128
     69c:	0c 94 2f 02 	jmp	0x45e	; 0x45e <LCD_write_command>

000006a0 <.L27>:
     6a0:	86 2f       	mov	r24, r22
     6a2:	80 68       	ori	r24, 0x80	; 128
     6a4:	0c 94 2f 02 	jmp	0x45e	; 0x45e <LCD_write_command>

000006a8 <LCD_write_number>:
     6a8:	ef 92       	push	r14
     6aa:	ff 92       	push	r15
     6ac:	0f 93       	push	r16
     6ae:	1f 93       	push	r17
     6b0:	cf 93       	push	r28
     6b2:	df 93       	push	r29
     6b4:	cd b7       	in	r28, 0x3d	; 61
     6b6:	de b7       	in	r29, 0x3e	; 62
     6b8:	2a 97       	sbiw	r28, 0x0a	; 10
     6ba:	0f b6       	in	r0, 0x3f	; 63
     6bc:	f8 94       	cli
     6be:	de bf       	out	0x3e, r29	; 62
     6c0:	0f be       	out	0x3f, r0	; 63
     6c2:	cd bf       	out	0x3d, r28	; 61
     6c4:	9c 01       	movw	r18, r24
     6c6:	89 2b       	or	r24, r25
     6c8:	09 f4       	brne	.+2      	; 0x6cc <L0^A+0x2>

000006ca <L0^A>:
     6ca:	54 c0       	rjmp	.+168    	; 0x774 <.L39>
     6cc:	70 e0       	ldi	r23, 0x00	; 0
     6ce:	8e 01       	movw	r16, r28
     6d0:	0f 5f       	subi	r16, 0xFF	; 255
     6d2:	1f 4f       	sbci	r17, 0xFF	; 255
     6d4:	9d ec       	ldi	r25, 0xCD	; 205
     6d6:	e9 2e       	mov	r14, r25
     6d8:	4d ec       	ldi	r20, 0xCD	; 205
     6da:	5c ec       	ldi	r21, 0xCC	; 204

000006dc <.L32>:
     6dc:	92 2f       	mov	r25, r18
     6de:	92 95       	swap	r25
     6e0:	9f 70       	andi	r25, 0x0F	; 15
     6e2:	82 2f       	mov	r24, r18
     6e4:	8f 70       	andi	r24, 0x0F	; 15
     6e6:	89 0f       	add	r24, r25
     6e8:	93 2f       	mov	r25, r19
     6ea:	9f 70       	andi	r25, 0x0F	; 15
     6ec:	89 0f       	add	r24, r25
     6ee:	93 2f       	mov	r25, r19
     6f0:	92 95       	swap	r25
     6f2:	9f 70       	andi	r25, 0x0F	; 15
     6f4:	89 0f       	add	r24, r25
     6f6:	8e 9d       	mul	r24, r14
     6f8:	91 2d       	mov	r25, r1
     6fa:	11 24       	eor	r1, r1
     6fc:	69 2f       	mov	r22, r25
     6fe:	66 95       	lsr	r22
     700:	66 95       	lsr	r22
     702:	9c 77       	andi	r25, 0x7C	; 124
     704:	96 0f       	add	r25, r22
     706:	89 1b       	sub	r24, r25
     708:	d9 01       	movw	r26, r18
     70a:	a8 1b       	sub	r26, r24
     70c:	b1 09       	sbc	r27, r1
     70e:	a4 9f       	mul	r26, r20
     710:	f0 01       	movw	r30, r0
     712:	a5 9f       	mul	r26, r21
     714:	f0 0d       	add	r31, r0
     716:	b4 9f       	mul	r27, r20
     718:	f0 0d       	add	r31, r0
     71a:	11 24       	eor	r1, r1
     71c:	e0 fd       	sbrc	r30, 0
     71e:	8b 5f       	subi	r24, 0xFB	; 251
     720:	97 2f       	mov	r25, r23
     722:	7f 5f       	subi	r23, 0xFF	; 255
     724:	d8 01       	movw	r26, r16
     726:	a9 0f       	add	r26, r25
     728:	b1 1d       	adc	r27, r1
     72a:	80 5d       	subi	r24, 0xD0	; 208
     72c:	8c 93       	st	X, r24
     72e:	d9 01       	movw	r26, r18
     730:	9f 01       	movw	r18, r30
     732:	36 95       	lsr	r19
     734:	27 95       	ror	r18
     736:	1a 97       	sbiw	r26, 0x0a	; 10
     738:	88 f6       	brcc	.-94     	; 0x6dc <.L32>
     73a:	97 fd       	sbrc	r25, 7
     73c:	0e c0       	rjmp	.+28     	; 0x75a <.L31>
     73e:	78 01       	movw	r14, r16
     740:	8f ef       	ldi	r24, 0xFF	; 255
     742:	e8 1a       	sub	r14, r24
     744:	f8 0a       	sbc	r15, r24
     746:	e9 0e       	add	r14, r25
     748:	f1 1c       	adc	r15, r1

0000074a <.L34>:
     74a:	f7 01       	movw	r30, r14
     74c:	82 91       	ld	r24, -Z
     74e:	7f 01       	movw	r14, r30
     750:	0e 94 be 01 	call	0x37c	; 0x37c <LCD_write_data>
     754:	e0 16       	cp	r14, r16
     756:	f1 06       	cpc	r15, r17
     758:	c1 f7       	brne	.-16     	; 0x74a <.L34>

0000075a <.L31>:
     75a:	2a 96       	adiw	r28, 0x0a	; 10
     75c:	0f b6       	in	r0, 0x3f	; 63
     75e:	f8 94       	cli
     760:	de bf       	out	0x3e, r29	; 62
     762:	0f be       	out	0x3f, r0	; 63
     764:	cd bf       	out	0x3d, r28	; 61
     766:	df 91       	pop	r29
     768:	cf 91       	pop	r28
     76a:	1f 91       	pop	r17
     76c:	0f 91       	pop	r16
     76e:	ff 90       	pop	r15
     770:	ef 90       	pop	r14
     772:	08 95       	ret

00000774 <.L39>:
     774:	80 e3       	ldi	r24, 0x30	; 48
     776:	2a 96       	adiw	r28, 0x0a	; 10
     778:	0f b6       	in	r0, 0x3f	; 63
     77a:	f8 94       	cli
     77c:	de bf       	out	0x3e, r29	; 62
     77e:	0f be       	out	0x3f, r0	; 63
     780:	cd bf       	out	0x3d, r28	; 61
     782:	df 91       	pop	r29
     784:	cf 91       	pop	r28
     786:	1f 91       	pop	r17
     788:	0f 91       	pop	r16
     78a:	ff 90       	pop	r15
     78c:	ef 90       	pop	r14
     78e:	0c 94 be 01 	jmp	0x37c	; 0x37c <LCD_write_data>

00000792 <ADC_volt_reference>:
     792:	81 30       	cpi	r24, 0x01	; 1
     794:	91 05       	cpc	r25, r1
     796:	59 f0       	breq	.+22     	; 0x7ae <.L2>
     798:	82 30       	cpi	r24, 0x02	; 2
     79a:	91 05       	cpc	r25, r1
     79c:	29 f0       	breq	.+10     	; 0x7a8 <.L3>
     79e:	89 2b       	or	r24, r25
     7a0:	29 f4       	brne	.+10     	; 0x7ac <.L1>
     7a2:	3e 98       	cbi	0x07, 6	; 7
     7a4:	3f 98       	cbi	0x07, 7	; 7
     7a6:	08 95       	ret

000007a8 <.L3>:
     7a8:	3e 9a       	sbi	0x07, 6	; 7
     7aa:	3f 9a       	sbi	0x07, 7	; 7

000007ac <.L1>:
     7ac:	08 95       	ret

000007ae <.L2>:
     7ae:	3e 9a       	sbi	0x07, 6	; 7
     7b0:	3f 98       	cbi	0x07, 7	; 7
     7b2:	08 95       	ret

000007b4 <ADC_init>:
     7b4:	0f 93       	push	r16
     7b6:	1f 93       	push	r17
     7b8:	cf 93       	push	r28
     7ba:	df 93       	push	r29
     7bc:	cd b7       	in	r28, 0x3d	; 61
     7be:	de b7       	in	r29, 0x3e	; 62
     7c0:	2a 97       	sbiw	r28, 0x0a	; 10
     7c2:	0f b6       	in	r0, 0x3f	; 63
     7c4:	f8 94       	cli
     7c6:	de bf       	out	0x3e, r29	; 62
     7c8:	0f be       	out	0x3f, r0	; 63
     7ca:	cd bf       	out	0x3d, r28	; 61
     7cc:	09 83       	std	Y+1, r16	; 0x01
     7ce:	1a 83       	std	Y+2, r17	; 0x02
     7d0:	2b 83       	std	Y+3, r18	; 0x03
     7d2:	3c 83       	std	Y+4, r19	; 0x04
     7d4:	4d 83       	std	Y+5, r20	; 0x05
     7d6:	5e 83       	std	Y+6, r21	; 0x06
     7d8:	6f 83       	std	Y+7, r22	; 0x07
     7da:	78 87       	std	Y+8, r23	; 0x08
     7dc:	89 87       	std	Y+9, r24	; 0x09
     7de:	9a 87       	std	Y+10, r25	; 0x0a
     7e0:	89 81       	ldd	r24, Y+1	; 0x01
     7e2:	9a 81       	ldd	r25, Y+2	; 0x02
     7e4:	0e 94 c9 03 	call	0x792	; 0x792 <ADC_volt_reference>
     7e8:	8b 81       	ldd	r24, Y+3	; 0x03
     7ea:	9c 81       	ldd	r25, Y+4	; 0x04
     7ec:	01 97       	sbiw	r24, 0x01	; 1
     7ee:	08 f1       	brcs	.+66     	; 0x832 <.L7>
     7f0:	d9 f0       	breq	.+54     	; 0x828 <.L9>

000007f2 <.L8>:
     7f2:	90 b7       	in	r25, 0x30	; 48
     7f4:	9f 71       	andi	r25, 0x1F	; 31
     7f6:	89 85       	ldd	r24, Y+9	; 0x09
     7f8:	89 2b       	or	r24, r25
     7fa:	80 bf       	out	0x30, r24	; 48
     7fc:	96 b1       	in	r25, 0x06	; 6
     7fe:	98 7f       	andi	r25, 0xF8	; 248
     800:	8f 81       	ldd	r24, Y+7	; 0x07
     802:	89 2b       	or	r24, r25
     804:	86 b9       	out	0x06, r24	; 6
     806:	97 b1       	in	r25, 0x07	; 7
     808:	90 7e       	andi	r25, 0xE0	; 224
     80a:	8d 81       	ldd	r24, Y+5	; 0x05
     80c:	89 2b       	or	r24, r25
     80e:	87 b9       	out	0x07, r24	; 7
     810:	37 9a       	sbi	0x06, 7	; 6
     812:	2a 96       	adiw	r28, 0x0a	; 10
     814:	0f b6       	in	r0, 0x3f	; 63
     816:	f8 94       	cli
     818:	de bf       	out	0x3e, r29	; 62
     81a:	0f be       	out	0x3f, r0	; 63
     81c:	cd bf       	out	0x3d, r28	; 61
     81e:	df 91       	pop	r29
     820:	cf 91       	pop	r28
     822:	1f 91       	pop	r17
     824:	0f 91       	pop	r16
     826:	08 95       	ret

00000828 <.L9>:
     828:	3d 9a       	sbi	0x07, 5	; 7
     82a:	81 e0       	ldi	r24, 0x01	; 1
     82c:	80 93 9f 00 	sts	0x009F, r24	; 0x80009f <direction_of_adjust>
     830:	e0 cf       	rjmp	.-64     	; 0x7f2 <.L8>

00000832 <.L7>:
     832:	3d 98       	cbi	0x07, 5	; 7
     834:	10 92 9f 00 	sts	0x009F, r1	; 0x80009f <direction_of_adjust>
     838:	dc cf       	rjmp	.-72     	; 0x7f2 <.L8>

0000083a <ADC_enable>:
     83a:	37 9a       	sbi	0x06, 7	; 6
     83c:	08 95       	ret

0000083e <ADC_disable>:
     83e:	37 98       	cbi	0x06, 7	; 6
     840:	08 95       	ret

00000842 <ADC_adjust_direction>:
     842:	01 97       	sbiw	r24, 0x01	; 1
     844:	38 f0       	brcs	.+14     	; 0x854 <.L13>
     846:	09 f0       	breq	.+2      	; 0x84a <.L15>
     848:	08 95       	ret

0000084a <.L15>:
     84a:	3d 9a       	sbi	0x07, 5	; 7
     84c:	81 e0       	ldi	r24, 0x01	; 1
     84e:	80 93 9f 00 	sts	0x009F, r24	; 0x80009f <direction_of_adjust>
     852:	08 95       	ret

00000854 <.L13>:
     854:	3d 98       	cbi	0x07, 5	; 7
     856:	10 92 9f 00 	sts	0x009F, r1	; 0x80009f <direction_of_adjust>
     85a:	08 95       	ret

0000085c <ADC_start_conversion>:
     85c:	36 9a       	sbi	0x06, 6	; 6
     85e:	08 95       	ret

00000860 <ADC_channel>:
     860:	97 b1       	in	r25, 0x07	; 7
     862:	90 7e       	andi	r25, 0xE0	; 224
     864:	89 2b       	or	r24, r25
     866:	87 b9       	out	0x07, r24	; 7
     868:	08 95       	ret

0000086a <ADC_Prescaler>:
     86a:	96 b1       	in	r25, 0x06	; 6
     86c:	98 7f       	andi	r25, 0xF8	; 248
     86e:	89 2b       	or	r24, r25
     870:	86 b9       	out	0x06, r24	; 6
     872:	08 95       	ret

00000874 <ADC_source_selection>:
     874:	90 b7       	in	r25, 0x30	; 48
     876:	9f 71       	andi	r25, 0x1F	; 31
     878:	89 2b       	or	r24, r25
     87a:	80 bf       	out	0x30, r24	; 48
     87c:	08 95       	ret

0000087e <ADC_read_result>:
     87e:	84 b1       	in	r24, 0x04	; 4
     880:	25 b1       	in	r18, 0x05	; 5
     882:	36 9a       	sbi	0x06, 6	; 6

00000884 <.L21>:
     884:	34 9b       	sbis	0x06, 4	; 6
     886:	fe cf       	rjmp	.-4      	; 0x884 <.L21>
     888:	34 9a       	sbi	0x06, 4	; 6
     88a:	92 2f       	mov	r25, r18
     88c:	20 91 9f 00 	lds	r18, 0x009F	; 0x80009f <direction_of_adjust>
     890:	21 15       	cp	r18, r1
     892:	49 f0       	breq	.+18     	; 0x8a6 <.L20>
     894:	00 24       	eor	r0, r0
     896:	88 0f       	add	r24, r24
     898:	99 1f       	adc	r25, r25
     89a:	00 1c       	adc	r0, r0
     89c:	88 0f       	add	r24, r24
     89e:	99 1f       	adc	r25, r25
     8a0:	00 1c       	adc	r0, r0
     8a2:	89 2f       	mov	r24, r25
     8a4:	90 2d       	mov	r25, r0

000008a6 <.L20>:
     8a6:	08 95       	ret

000008a8 <ADC_read_specific_channel>:
     8a8:	97 b1       	in	r25, 0x07	; 7
     8aa:	90 7e       	andi	r25, 0xE0	; 224
     8ac:	89 2b       	or	r24, r25
     8ae:	87 b9       	out	0x07, r24	; 7
     8b0:	0c 94 3f 04 	jmp	0x87e	; 0x87e <ADC_read_result>

000008b4 <ADC_auto_trigger_enable>:
     8b4:	35 9a       	sbi	0x06, 5	; 6
     8b6:	08 95       	ret

000008b8 <ADC_auto_trigger_disable>:
     8b8:	35 98       	cbi	0x06, 5	; 6
     8ba:	08 95       	ret

000008bc <ADC_interrupt_enable>:
     8bc:	33 9a       	sbi	0x06, 3	; 6
     8be:	08 95       	ret

000008c0 <ADC_interrupt_disable>:
     8c0:	33 98       	cbi	0x06, 3	; 6
     8c2:	08 95       	ret

000008c4 <DIO_set_pin_direction>:
     8c4:	84 30       	cpi	r24, 0x04	; 4
     8c6:	20 f4       	brcc	.+8      	; 0x8d0 <.L1>
     8c8:	68 30       	cpi	r22, 0x08	; 8
     8ca:	10 f4       	brcc	.+4      	; 0x8d0 <.L1>
     8cc:	42 30       	cpi	r20, 0x02	; 2
     8ce:	08 f0       	brcs	.+2      	; 0x8d2 <.L11>

000008d0 <.L1>:
     8d0:	08 95       	ret

000008d2 <.L11>:
     8d2:	21 e0       	ldi	r18, 0x01	; 1
     8d4:	01 c0       	rjmp	.+2      	; 0x8d8 <.L2^B1>

000008d6 <.L1^B1>:
     8d6:	22 0f       	add	r18, r18

000008d8 <.L2^B1>:
     8d8:	6a 95       	dec	r22
     8da:	ea f7       	brpl	.-6      	; 0x8d6 <.L1^B1>
     8dc:	41 30       	cpi	r20, 0x01	; 1
     8de:	79 f0       	breq	.+30     	; 0x8fe <.L12>
     8e0:	20 95       	com	r18
     8e2:	82 30       	cpi	r24, 0x02	; 2
     8e4:	b1 f0       	breq	.+44     	; 0x912 <.L7>
     8e6:	83 30       	cpi	r24, 0x03	; 3
     8e8:	31 f0       	breq	.+12     	; 0x8f6 <.L8>
     8ea:	81 30       	cpi	r24, 0x01	; 1
     8ec:	b1 f0       	breq	.+44     	; 0x91a <.L9>
     8ee:	8a b3       	in	r24, 0x1a	; 26
     8f0:	82 23       	and	r24, r18
     8f2:	8a bb       	out	0x1a, r24	; 26
     8f4:	08 95       	ret

000008f6 <.L8>:
     8f6:	81 b3       	in	r24, 0x11	; 17
     8f8:	82 23       	and	r24, r18
     8fa:	81 bb       	out	0x11, r24	; 17
     8fc:	08 95       	ret

000008fe <.L12>:
     8fe:	82 30       	cpi	r24, 0x02	; 2
     900:	c1 f0       	breq	.+48     	; 0x932 <.L4>
     902:	83 30       	cpi	r24, 0x03	; 3
     904:	91 f0       	breq	.+36     	; 0x92a <.L5>
     906:	81 30       	cpi	r24, 0x01	; 1
     908:	61 f0       	breq	.+24     	; 0x922 <.L6>
     90a:	8a b3       	in	r24, 0x1a	; 26
     90c:	82 2b       	or	r24, r18
     90e:	8a bb       	out	0x1a, r24	; 26
     910:	08 95       	ret

00000912 <.L7>:
     912:	84 b3       	in	r24, 0x14	; 20
     914:	82 23       	and	r24, r18
     916:	84 bb       	out	0x14, r24	; 20
     918:	08 95       	ret

0000091a <.L9>:
     91a:	87 b3       	in	r24, 0x17	; 23
     91c:	82 23       	and	r24, r18
     91e:	87 bb       	out	0x17, r24	; 23
     920:	08 95       	ret

00000922 <.L6>:
     922:	87 b3       	in	r24, 0x17	; 23
     924:	82 2b       	or	r24, r18
     926:	87 bb       	out	0x17, r24	; 23
     928:	08 95       	ret

0000092a <.L5>:
     92a:	81 b3       	in	r24, 0x11	; 17
     92c:	82 2b       	or	r24, r18
     92e:	81 bb       	out	0x11, r24	; 17
     930:	08 95       	ret

00000932 <.L4>:
     932:	84 b3       	in	r24, 0x14	; 20
     934:	82 2b       	or	r24, r18
     936:	84 bb       	out	0x14, r24	; 20
     938:	08 95       	ret

0000093a <DIO_set_pin_value>:
     93a:	84 30       	cpi	r24, 0x04	; 4
     93c:	20 f4       	brcc	.+8      	; 0x946 <.L13>
     93e:	68 30       	cpi	r22, 0x08	; 8
     940:	10 f4       	brcc	.+4      	; 0x946 <.L13>
     942:	42 30       	cpi	r20, 0x02	; 2
     944:	08 f0       	brcs	.+2      	; 0x948 <.L22>

00000946 <.L13>:
     946:	08 95       	ret

00000948 <.L22>:
     948:	21 e0       	ldi	r18, 0x01	; 1
     94a:	01 c0       	rjmp	.+2      	; 0x94e <.L2^B2>

0000094c <.L1^B2>:
     94c:	22 0f       	add	r18, r18

0000094e <.L2^B2>:
     94e:	6a 95       	dec	r22
     950:	ea f7       	brpl	.-6      	; 0x94c <.L1^B2>
     952:	41 30       	cpi	r20, 0x01	; 1
     954:	79 f0       	breq	.+30     	; 0x974 <.L23>
     956:	20 95       	com	r18
     958:	82 30       	cpi	r24, 0x02	; 2
     95a:	b1 f0       	breq	.+44     	; 0x988 <.L19>
     95c:	83 30       	cpi	r24, 0x03	; 3
     95e:	31 f0       	breq	.+12     	; 0x96c <.L20>
     960:	81 30       	cpi	r24, 0x01	; 1
     962:	b1 f0       	breq	.+44     	; 0x990 <.L21>
     964:	8b b3       	in	r24, 0x1b	; 27
     966:	82 23       	and	r24, r18
     968:	8b bb       	out	0x1b, r24	; 27
     96a:	08 95       	ret

0000096c <.L20>:
     96c:	82 b3       	in	r24, 0x12	; 18
     96e:	82 23       	and	r24, r18
     970:	82 bb       	out	0x12, r24	; 18
     972:	08 95       	ret

00000974 <.L23>:
     974:	82 30       	cpi	r24, 0x02	; 2
     976:	c1 f0       	breq	.+48     	; 0x9a8 <.L16>
     978:	83 30       	cpi	r24, 0x03	; 3
     97a:	91 f0       	breq	.+36     	; 0x9a0 <.L17>
     97c:	81 30       	cpi	r24, 0x01	; 1
     97e:	61 f0       	breq	.+24     	; 0x998 <.L18>
     980:	8b b3       	in	r24, 0x1b	; 27
     982:	82 2b       	or	r24, r18
     984:	8b bb       	out	0x1b, r24	; 27
     986:	08 95       	ret

00000988 <.L19>:
     988:	85 b3       	in	r24, 0x15	; 21
     98a:	82 23       	and	r24, r18
     98c:	85 bb       	out	0x15, r24	; 21
     98e:	08 95       	ret

00000990 <.L21>:
     990:	88 b3       	in	r24, 0x18	; 24
     992:	82 23       	and	r24, r18
     994:	88 bb       	out	0x18, r24	; 24
     996:	08 95       	ret

00000998 <.L18>:
     998:	88 b3       	in	r24, 0x18	; 24
     99a:	82 2b       	or	r24, r18
     99c:	88 bb       	out	0x18, r24	; 24
     99e:	08 95       	ret

000009a0 <.L17>:
     9a0:	82 b3       	in	r24, 0x12	; 18
     9a2:	82 2b       	or	r24, r18
     9a4:	82 bb       	out	0x12, r24	; 18
     9a6:	08 95       	ret

000009a8 <.L16>:
     9a8:	85 b3       	in	r24, 0x15	; 21
     9aa:	82 2b       	or	r24, r18
     9ac:	85 bb       	out	0x15, r24	; 21
     9ae:	08 95       	ret

000009b0 <DIO_get_pin_value>:
     9b0:	84 30       	cpi	r24, 0x04	; 4
     9b2:	88 f4       	brcc	.+34     	; 0x9d6 <.L30>
     9b4:	68 30       	cpi	r22, 0x08	; 8
     9b6:	78 f4       	brcc	.+30     	; 0x9d6 <.L30>
     9b8:	82 30       	cpi	r24, 0x02	; 2
     9ba:	09 f1       	breq	.+66     	; 0x9fe <.L26>
     9bc:	83 30       	cpi	r24, 0x03	; 3
     9be:	b1 f0       	breq	.+44     	; 0x9ec <.L27>
     9c0:	81 30       	cpi	r24, 0x01	; 1
     9c2:	59 f0       	breq	.+22     	; 0x9da <.L28>
     9c4:	89 b3       	in	r24, 0x19	; 25
     9c6:	90 e0       	ldi	r25, 0x00	; 0
     9c8:	02 c0       	rjmp	.+4      	; 0x9ce <.L2^B3>

000009ca <.L1^B3>:
     9ca:	95 95       	asr	r25
     9cc:	87 95       	ror	r24

000009ce <.L2^B3>:
     9ce:	6a 95       	dec	r22
     9d0:	e2 f7       	brpl	.-8      	; 0x9ca <.L1^B3>
     9d2:	81 70       	andi	r24, 0x01	; 1
     9d4:	08 95       	ret

000009d6 <.L30>:
     9d6:	80 e0       	ldi	r24, 0x00	; 0
     9d8:	08 95       	ret

000009da <.L28>:
     9da:	86 b3       	in	r24, 0x16	; 22
     9dc:	90 e0       	ldi	r25, 0x00	; 0
     9de:	02 c0       	rjmp	.+4      	; 0x9e4 <.L2^B4>

000009e0 <.L1^B4>:
     9e0:	95 95       	asr	r25
     9e2:	87 95       	ror	r24

000009e4 <.L2^B4>:
     9e4:	6a 95       	dec	r22
     9e6:	e2 f7       	brpl	.-8      	; 0x9e0 <.L1^B4>
     9e8:	81 70       	andi	r24, 0x01	; 1
     9ea:	08 95       	ret

000009ec <.L27>:
     9ec:	80 b3       	in	r24, 0x10	; 16
     9ee:	90 e0       	ldi	r25, 0x00	; 0
     9f0:	02 c0       	rjmp	.+4      	; 0x9f6 <.L2^B5>

000009f2 <.L1^B5>:
     9f2:	95 95       	asr	r25
     9f4:	87 95       	ror	r24

000009f6 <.L2^B5>:
     9f6:	6a 95       	dec	r22
     9f8:	e2 f7       	brpl	.-8      	; 0x9f2 <.L1^B5>
     9fa:	81 70       	andi	r24, 0x01	; 1
     9fc:	08 95       	ret

000009fe <.L26>:
     9fe:	83 b3       	in	r24, 0x13	; 19
     a00:	90 e0       	ldi	r25, 0x00	; 0
     a02:	02 c0       	rjmp	.+4      	; 0xa08 <.L2^B6>

00000a04 <.L1^B6>:
     a04:	95 95       	asr	r25
     a06:	87 95       	ror	r24

00000a08 <.L2^B6>:
     a08:	6a 95       	dec	r22
     a0a:	e2 f7       	brpl	.-8      	; 0xa04 <.L1^B6>
     a0c:	81 70       	andi	r24, 0x01	; 1
     a0e:	08 95       	ret

00000a10 <DIO_tog_pin>:
     a10:	84 30       	cpi	r24, 0x04	; 4
     a12:	a0 f4       	brcc	.+40     	; 0xa3c <.L31>
     a14:	68 30       	cpi	r22, 0x08	; 8
     a16:	90 f4       	brcc	.+36     	; 0xa3c <.L31>
     a18:	21 e0       	ldi	r18, 0x01	; 1
     a1a:	01 c0       	rjmp	.+2      	; 0xa1e <.L2^B7>

00000a1c <.L1^B7>:
     a1c:	22 0f       	add	r18, r18

00000a1e <.L2^B7>:
     a1e:	6a 95       	dec	r22
     a20:	ea f7       	brpl	.-6      	; 0xa1c <.L1^B7>
     a22:	82 30       	cpi	r24, 0x02	; 2
     a24:	61 f0       	breq	.+24     	; 0xa3e <.L33>
     a26:	83 30       	cpi	r24, 0x03	; 3
     a28:	31 f0       	breq	.+12     	; 0xa36 <.L34>
     a2a:	81 30       	cpi	r24, 0x01	; 1
     a2c:	61 f0       	breq	.+24     	; 0xa46 <.L35>
     a2e:	8b b3       	in	r24, 0x1b	; 27
     a30:	82 27       	eor	r24, r18
     a32:	8b bb       	out	0x1b, r24	; 27
     a34:	08 95       	ret

00000a36 <.L34>:
     a36:	82 b3       	in	r24, 0x12	; 18
     a38:	82 27       	eor	r24, r18
     a3a:	82 bb       	out	0x12, r24	; 18

00000a3c <.L31>:
     a3c:	08 95       	ret

00000a3e <.L33>:
     a3e:	85 b3       	in	r24, 0x15	; 21
     a40:	82 27       	eor	r24, r18
     a42:	85 bb       	out	0x15, r24	; 21
     a44:	08 95       	ret

00000a46 <.L35>:
     a46:	88 b3       	in	r24, 0x18	; 24
     a48:	82 27       	eor	r24, r18
     a4a:	88 bb       	out	0x18, r24	; 24
     a4c:	08 95       	ret

00000a4e <DIO_set_group_direction>:
     a4e:	84 30       	cpi	r24, 0x04	; 4
     a50:	48 f4       	brcc	.+18     	; 0xa64 <.L36>
     a52:	82 30       	cpi	r24, 0x02	; 2
     a54:	51 f0       	breq	.+20     	; 0xa6a <.L38>
     a56:	83 30       	cpi	r24, 0x03	; 3
     a58:	21 f0       	breq	.+8      	; 0xa62 <.L39>
     a5a:	81 30       	cpi	r24, 0x01	; 1
     a5c:	21 f0       	breq	.+8      	; 0xa66 <.L40>
     a5e:	6a bb       	out	0x1a, r22	; 26
     a60:	08 95       	ret

00000a62 <.L39>:
     a62:	61 bb       	out	0x11, r22	; 17

00000a64 <.L36>:
     a64:	08 95       	ret

00000a66 <.L40>:
     a66:	67 bb       	out	0x17, r22	; 23
     a68:	08 95       	ret

00000a6a <.L38>:
     a6a:	64 bb       	out	0x14, r22	; 20
     a6c:	08 95       	ret

00000a6e <DIO_set_group_value>:
     a6e:	84 30       	cpi	r24, 0x04	; 4
     a70:	48 f4       	brcc	.+18     	; 0xa84 <.L41>
     a72:	82 30       	cpi	r24, 0x02	; 2
     a74:	51 f0       	breq	.+20     	; 0xa8a <.L43>
     a76:	83 30       	cpi	r24, 0x03	; 3
     a78:	21 f0       	breq	.+8      	; 0xa82 <.L44>
     a7a:	81 30       	cpi	r24, 0x01	; 1
     a7c:	21 f0       	breq	.+8      	; 0xa86 <.L45>
     a7e:	6b bb       	out	0x1b, r22	; 27
     a80:	08 95       	ret

00000a82 <.L44>:
     a82:	62 bb       	out	0x12, r22	; 18

00000a84 <.L41>:
     a84:	08 95       	ret

00000a86 <.L45>:
     a86:	68 bb       	out	0x18, r22	; 24
     a88:	08 95       	ret

00000a8a <.L43>:
     a8a:	65 bb       	out	0x15, r22	; 21
     a8c:	08 95       	ret

00000a8e <DIO_get_group_value>:
     a8e:	84 30       	cpi	r24, 0x04	; 4
     a90:	40 f4       	brcc	.+16     	; 0xaa2 <.L51>
     a92:	82 30       	cpi	r24, 0x02	; 2
     a94:	51 f0       	breq	.+20     	; 0xaaa <.L48>
     a96:	83 30       	cpi	r24, 0x03	; 3
     a98:	51 f0       	breq	.+20     	; 0xaae <.L49>
     a9a:	81 30       	cpi	r24, 0x01	; 1
     a9c:	21 f0       	breq	.+8      	; 0xaa6 <.L50>
     a9e:	89 b3       	in	r24, 0x19	; 25
     aa0:	08 95       	ret

00000aa2 <.L51>:
     aa2:	80 e0       	ldi	r24, 0x00	; 0
     aa4:	08 95       	ret

00000aa6 <.L50>:
     aa6:	86 b3       	in	r24, 0x16	; 22
     aa8:	08 95       	ret

00000aaa <.L48>:
     aaa:	83 b3       	in	r24, 0x13	; 19
     aac:	08 95       	ret

00000aae <.L49>:
     aae:	80 b3       	in	r24, 0x10	; 16
     ab0:	08 95       	ret

00000ab2 <UART_init>:
     ab2:	8f 92       	push	r8
     ab4:	9f 92       	push	r9
     ab6:	af 92       	push	r10
     ab8:	bf 92       	push	r11
     aba:	cf 92       	push	r12
     abc:	df 92       	push	r13
     abe:	ef 92       	push	r14
     ac0:	ff 92       	push	r15
     ac2:	0f 93       	push	r16
     ac4:	1f 93       	push	r17
     ac6:	cf 93       	push	r28
     ac8:	df 93       	push	r29
     aca:	cd b7       	in	r28, 0x3d	; 61
     acc:	de b7       	in	r29, 0x3e	; 62
     ace:	62 97       	sbiw	r28, 0x12	; 18
     ad0:	0f b6       	in	r0, 0x3f	; 63
     ad2:	f8 94       	cli
     ad4:	de bf       	out	0x3e, r29	; 62
     ad6:	0f be       	out	0x3f, r0	; 63
     ad8:	cd bf       	out	0x3d, r28	; 61
     ada:	89 82       	std	Y+1, r8	; 0x01
     adc:	9a 82       	std	Y+2, r9	; 0x02
     ade:	ab 82       	std	Y+3, r10	; 0x03
     ae0:	bc 82       	std	Y+4, r11	; 0x04
     ae2:	cd 82       	std	Y+5, r12	; 0x05
     ae4:	de 82       	std	Y+6, r13	; 0x06
     ae6:	ef 82       	std	Y+7, r14	; 0x07
     ae8:	f8 86       	std	Y+8, r15	; 0x08
     aea:	09 87       	std	Y+9, r16	; 0x09
     aec:	1a 87       	std	Y+10, r17	; 0x0a
     aee:	2b 87       	std	Y+11, r18	; 0x0b
     af0:	3c 87       	std	Y+12, r19	; 0x0c
     af2:	4d 87       	std	Y+13, r20	; 0x0d
     af4:	5e 87       	std	Y+14, r21	; 0x0e
     af6:	6f 87       	std	Y+15, r22	; 0x0f
     af8:	78 8b       	std	Y+16, r23	; 0x10
     afa:	89 8b       	std	Y+17, r24	; 0x11
     afc:	9a 8b       	std	Y+18, r25	; 0x12
     afe:	c9 80       	ldd	r12, Y+1	; 0x01
     b00:	da 80       	ldd	r13, Y+2	; 0x02
     b02:	eb 80       	ldd	r14, Y+3	; 0x03
     b04:	fc 80       	ldd	r15, Y+4	; 0x04
     b06:	4d 81       	ldd	r20, Y+5	; 0x05
     b08:	5e 81       	ldd	r21, Y+6	; 0x06
     b0a:	8f 81       	ldd	r24, Y+7	; 0x07
     b0c:	98 85       	ldd	r25, Y+8	; 0x08
     b0e:	6b 85       	ldd	r22, Y+11	; 0x0b
     b10:	7c 85       	ldd	r23, Y+12	; 0x0c
     b12:	0d 85       	ldd	r16, Y+13	; 0x0d
     b14:	1e 85       	ldd	r17, Y+14	; 0x0e
     b16:	8f 84       	ldd	r8, Y+15	; 0x0f
     b18:	98 88       	ldd	r9, Y+16	; 0x10
     b1a:	a9 88       	ldd	r10, Y+17	; 0x11
     b1c:	ba 88       	ldd	r11, Y+18	; 0x12
     b1e:	22 e1       	ldi	r18, 0x12	; 18
     b20:	fe 01       	movw	r30, r28
     b22:	31 96       	adiw	r30, 0x01	; 1
     b24:	a0 ea       	ldi	r26, 0xA0	; 160
     b26:	b0 e0       	ldi	r27, 0x00	; 0

00000b28 <.L0^B1>:
     b28:	01 90       	ld	r0, Z+
     b2a:	0d 92       	st	X+, r0
     b2c:	2a 95       	dec	r18
     b2e:	e1 f7       	brne	.-8      	; 0xb28 <.L0^B1>
     b30:	ca 94       	dec	r12
     b32:	cd 28       	or	r12, r13
     b34:	09 f4       	brne	.+2      	; 0xb38 <L0^A+0x2>

00000b36 <L0^A>:
     b36:	8a c0       	rjmp	.+276    	; 0xc4c <.L26>
     b38:	20 e8       	ldi	r18, 0x80	; 128

00000b3a <.L2>:
     b3a:	41 30       	cpi	r20, 0x01	; 1
     b3c:	51 05       	cpc	r21, r1
     b3e:	30 f0       	brcs	.+12     	; 0xb4c <.L3>
     b40:	09 f4       	brne	.+2      	; 0xb44 <L0^A+0x2>

00000b42 <L0^A>:
     b42:	68 c0       	rjmp	.+208    	; 0xc14 <.L27>
     b44:	42 30       	cpi	r20, 0x02	; 2
     b46:	51 05       	cpc	r21, r1
     b48:	09 f4       	brne	.+2      	; 0xb4c <.L3>

00000b4a <L0^A>:
     b4a:	7b c0       	rjmp	.+246    	; 0xc42 <.L28>

00000b4c <.L3>:
     b4c:	ea 94       	dec	r14
     b4e:	ef 28       	or	r14, r15
     b50:	09 f4       	brne	.+2      	; 0xb54 <.L5>

00000b52 <L0^A>:
     b52:	65 c0       	rjmp	.+202    	; 0xc1e <.L29>

00000b54 <.L5>:
     b54:	81 30       	cpi	r24, 0x01	; 1
     b56:	91 05       	cpc	r25, r1
     b58:	78 f0       	brcs	.+30     	; 0xb78 <.L23>
     b5a:	69 f0       	breq	.+26     	; 0xb76 <.L30>
     b5c:	82 30       	cpi	r24, 0x02	; 2
     b5e:	91 05       	cpc	r25, r1
     b60:	09 f4       	brne	.+2      	; 0xb64 <L0^A+0x2>

00000b62 <L0^A>:
     b62:	76 c0       	rjmp	.+236    	; 0xc50 <.L31>
     b64:	83 30       	cpi	r24, 0x03	; 3
     b66:	91 05       	cpc	r25, r1
     b68:	09 f4       	brne	.+2      	; 0xb6c <L0^A+0x2>

00000b6a <L0^A>:
     b6a:	6d c0       	rjmp	.+218    	; 0xc46 <.L32>
     b6c:	04 97       	sbiw	r24, 0x04	; 4
     b6e:	29 f4       	brne	.+10     	; 0xb7a <.L9>
     b70:	26 60       	ori	r18, 0x06	; 6
     b72:	52 9a       	sbi	0x0a, 2	; 10
     b74:	02 c0       	rjmp	.+4      	; 0xb7a <.L9>

00000b76 <.L30>:
     b76:	22 60       	ori	r18, 0x02	; 2

00000b78 <.L23>:
     b78:	52 98       	cbi	0x0a, 2	; 10

00000b7a <.L9>:
     b7a:	20 bd       	out	0x20, r18	; 32
     b7c:	61 30       	cpi	r22, 0x01	; 1
     b7e:	71 05       	cpc	r23, r1
     b80:	b8 f5       	brcc	.+110    	; 0xbf0 <.L13>
     b82:	59 98       	cbi	0x0b, 1	; 11
     b84:	88 0c       	add	r8, r8
     b86:	99 1c       	adc	r9, r9
     b88:	aa 1c       	adc	r10, r10
     b8a:	bb 1c       	adc	r11, r11
     b8c:	88 0c       	add	r8, r8
     b8e:	99 1c       	adc	r9, r9
     b90:	aa 1c       	adc	r10, r10
     b92:	bb 1c       	adc	r11, r11
     b94:	94 01       	movw	r18, r8
     b96:	a5 01       	movw	r20, r10
     b98:	22 0f       	add	r18, r18
     b9a:	33 1f       	adc	r19, r19
     b9c:	44 1f       	adc	r20, r20
     b9e:	55 1f       	adc	r21, r21
     ba0:	22 0f       	add	r18, r18
     ba2:	33 1f       	adc	r19, r19
     ba4:	44 1f       	adc	r20, r20
     ba6:	55 1f       	adc	r21, r21

00000ba8 <.L24>:
     ba8:	60 e0       	ldi	r22, 0x00	; 0
     baa:	72 e1       	ldi	r23, 0x12	; 18
     bac:	8a e7       	ldi	r24, 0x7A	; 122
     bae:	90 e0       	ldi	r25, 0x00	; 0
     bb0:	0e 94 15 07 	call	0xe2a	; 0xe2a <__udivmodsi4>
     bb4:	21 50       	subi	r18, 0x01	; 1
     bb6:	31 09       	sbc	r19, r1
     bb8:	92 2f       	mov	r25, r18
     bba:	83 2f       	mov	r24, r19
     bbc:	99 b9       	out	0x09, r25	; 9
     bbe:	80 bd       	out	0x20, r24	; 32
     bc0:	01 30       	cpi	r16, 0x01	; 1
     bc2:	11 05       	cpc	r17, r1
     bc4:	e8 f4       	brcc	.+58     	; 0xc00 <.L15>

00000bc6 <.L34>:
     bc6:	54 9a       	sbi	0x0a, 4	; 10
     bc8:	53 98       	cbi	0x0a, 3	; 10

00000bca <.L1>:
     bca:	62 96       	adiw	r28, 0x12	; 18
     bcc:	0f b6       	in	r0, 0x3f	; 63
     bce:	f8 94       	cli
     bd0:	de bf       	out	0x3e, r29	; 62
     bd2:	0f be       	out	0x3f, r0	; 63
     bd4:	cd bf       	out	0x3d, r28	; 61
     bd6:	df 91       	pop	r29
     bd8:	cf 91       	pop	r28
     bda:	1f 91       	pop	r17
     bdc:	0f 91       	pop	r16
     bde:	ff 90       	pop	r15
     be0:	ef 90       	pop	r14
     be2:	df 90       	pop	r13
     be4:	cf 90       	pop	r12
     be6:	bf 90       	pop	r11
     be8:	af 90       	pop	r10
     bea:	9f 90       	pop	r9
     bec:	8f 90       	pop	r8
     bee:	08 95       	ret

00000bf0 <.L13>:
     bf0:	c1 f0       	breq	.+48     	; 0xc22 <.L33>
     bf2:	80 e0       	ldi	r24, 0x00	; 0
     bf4:	90 e0       	ldi	r25, 0x00	; 0
     bf6:	99 b9       	out	0x09, r25	; 9
     bf8:	80 bd       	out	0x20, r24	; 32
     bfa:	01 30       	cpi	r16, 0x01	; 1
     bfc:	11 05       	cpc	r17, r1
     bfe:	18 f3       	brcs	.-58     	; 0xbc6 <.L34>

00000c00 <.L15>:
     c00:	31 f0       	breq	.+12     	; 0xc0e <.L35>
     c02:	02 30       	cpi	r16, 0x02	; 2
     c04:	11 05       	cpc	r17, r1
     c06:	09 f7       	brne	.-62     	; 0xbca <.L1>
     c08:	54 9a       	sbi	0x0a, 4	; 10
     c0a:	53 9a       	sbi	0x0a, 3	; 10
     c0c:	de cf       	rjmp	.-68     	; 0xbca <.L1>

00000c0e <.L35>:
     c0e:	54 98       	cbi	0x0a, 4	; 10
     c10:	53 9a       	sbi	0x0a, 3	; 10
     c12:	db cf       	rjmp	.-74     	; 0xbca <.L1>

00000c14 <.L27>:
     c14:	20 62       	ori	r18, 0x20	; 32
     c16:	ea 94       	dec	r14
     c18:	ef 28       	or	r14, r15
     c1a:	09 f0       	breq	.+2      	; 0xc1e <.L29>

00000c1c <L0^A>:
     c1c:	9b cf       	rjmp	.-202    	; 0xb54 <.L5>

00000c1e <.L29>:
     c1e:	28 60       	ori	r18, 0x08	; 8
     c20:	99 cf       	rjmp	.-206    	; 0xb54 <.L5>

00000c22 <.L33>:
     c22:	59 9a       	sbi	0x0b, 1	; 11
     c24:	88 0c       	add	r8, r8
     c26:	99 1c       	adc	r9, r9
     c28:	aa 1c       	adc	r10, r10
     c2a:	bb 1c       	adc	r11, r11
     c2c:	88 0c       	add	r8, r8
     c2e:	99 1c       	adc	r9, r9
     c30:	aa 1c       	adc	r10, r10
     c32:	bb 1c       	adc	r11, r11
     c34:	94 01       	movw	r18, r8
     c36:	a5 01       	movw	r20, r10
     c38:	22 0f       	add	r18, r18
     c3a:	33 1f       	adc	r19, r19
     c3c:	44 1f       	adc	r20, r20
     c3e:	55 1f       	adc	r21, r21
     c40:	b3 cf       	rjmp	.-154    	; 0xba8 <.L24>

00000c42 <.L28>:
     c42:	20 63       	ori	r18, 0x30	; 48
     c44:	83 cf       	rjmp	.-250    	; 0xb4c <.L3>

00000c46 <.L32>:
     c46:	26 60       	ori	r18, 0x06	; 6
     c48:	52 98       	cbi	0x0a, 2	; 10
     c4a:	97 cf       	rjmp	.-210    	; 0xb7a <.L9>

00000c4c <.L26>:
     c4c:	20 ec       	ldi	r18, 0xC0	; 192
     c4e:	75 cf       	rjmp	.-278    	; 0xb3a <.L2>

00000c50 <.L31>:
     c50:	24 60       	ori	r18, 0x04	; 4
     c52:	52 98       	cbi	0x0a, 2	; 10
     c54:	92 cf       	rjmp	.-220    	; 0xb7a <.L9>

00000c56 <UART_send_byte_polling>:
     c56:	9c 01       	movw	r18, r24

00000c58 <.L37>:
     c58:	5d 9b       	sbis	0x0b, 5	; 11
     c5a:	fe cf       	rjmp	.-4      	; 0xc58 <.L37>
     c5c:	80 91 a6 00 	lds	r24, 0x00A6	; 0x8000a6 <global_uart_Config+0x6>
     c60:	90 91 a7 00 	lds	r25, 0x00A7	; 0x8000a7 <global_uart_Config+0x7>
     c64:	04 97       	sbiw	r24, 0x04	; 4
     c66:	11 f0       	breq	.+4      	; 0xc6c <.L46>

00000c68 <.L39>:
     c68:	2c b9       	out	0x0c, r18	; 12
     c6a:	08 95       	ret

00000c6c <.L46>:
     c6c:	50 98       	cbi	0x0a, 0	; 10
     c6e:	30 ff       	sbrs	r19, 0
     c70:	fb cf       	rjmp	.-10     	; 0xc68 <.L39>
     c72:	50 9a       	sbi	0x0a, 0	; 10
     c74:	2c b9       	out	0x0c, r18	; 12
     c76:	08 95       	ret

00000c78 <UART_receive_byte_polling>:
     c78:	5f 9b       	sbis	0x0b, 7	; 11
     c7a:	fe cf       	rjmp	.-4      	; 0xc78 <UART_receive_byte_polling>
     c7c:	80 91 a6 00 	lds	r24, 0x00A6	; 0x8000a6 <global_uart_Config+0x6>
     c80:	90 91 a7 00 	lds	r25, 0x00A7	; 0x8000a7 <global_uart_Config+0x7>
     c84:	04 97       	sbiw	r24, 0x04	; 4
     c86:	21 f0       	breq	.+8      	; 0xc90 <.L53>
     c88:	90 e0       	ldi	r25, 0x00	; 0

00000c8a <.L49>:
     c8a:	2c b1       	in	r18, 0x0c	; 12
     c8c:	82 2f       	mov	r24, r18
     c8e:	08 95       	ret

00000c90 <.L53>:
     c90:	88 27       	eor	r24, r24
     c92:	51 99       	sbic	0x0a, 1	; 10
     c94:	83 95       	inc	r24
     c96:	98 2f       	mov	r25, r24
     c98:	f8 cf       	rjmp	.-16     	; 0xc8a <.L49>

00000c9a <UART_send_string_polling>:
     c9a:	dc 01       	movw	r26, r24
     c9c:	9c 91       	ld	r25, X
     c9e:	91 15       	cp	r25, r1
     ca0:	99 f0       	breq	.+38     	; 0xcc8 <.L54>
     ca2:	20 e0       	ldi	r18, 0x00	; 0
     ca4:	40 91 a6 00 	lds	r20, 0x00A6	; 0x8000a6 <global_uart_Config+0x6>
     ca8:	50 91 a7 00 	lds	r21, 0x00A7	; 0x8000a7 <global_uart_Config+0x7>

00000cac <.L56>:
     cac:	5d 9b       	sbis	0x0b, 5	; 11
     cae:	fe cf       	rjmp	.-4      	; 0xcac <.L56>
     cb0:	44 30       	cpi	r20, 0x04	; 4
     cb2:	51 05       	cpc	r21, r1
     cb4:	09 f4       	brne	.+2      	; 0xcb8 <.L57>
     cb6:	50 98       	cbi	0x0a, 0	; 10

00000cb8 <.L57>:
     cb8:	9c b9       	out	0x0c, r25	; 12
     cba:	2f 5f       	subi	r18, 0xFF	; 255
     cbc:	fd 01       	movw	r30, r26
     cbe:	e2 0f       	add	r30, r18
     cc0:	f1 1d       	adc	r31, r1
     cc2:	90 81       	ld	r25, Z
     cc4:	91 11       	cpse	r25, r1
     cc6:	f2 cf       	rjmp	.-28     	; 0xcac <.L56>

00000cc8 <.L54>:
     cc8:	08 95       	ret

00000cca <UART_receive_string_polling>:
     cca:	cf 93       	push	r28
     ccc:	df 93       	push	r29
     cce:	dc 01       	movw	r26, r24
     cd0:	89 2b       	or	r24, r25
     cd2:	f9 f0       	breq	.+62     	; 0xd12 <.L65>

00000cd4 <.L67>:
     cd4:	5f 9b       	sbis	0x0b, 7	; 11
     cd6:	fe cf       	rjmp	.-4      	; 0xcd4 <.L67>
     cd8:	c0 91 a6 00 	lds	r28, 0x00A6	; 0x8000a6 <global_uart_Config+0x6>
     cdc:	d0 91 a7 00 	lds	r29, 0x00A7	; 0x8000a7 <global_uart_Config+0x7>
     ce0:	c4 30       	cpi	r28, 0x04	; 4
     ce2:	d1 05       	cpc	r29, r1
     ce4:	c9 f0       	breq	.+50     	; 0xd18 <.L84>
     ce6:	2c b1       	in	r18, 0x0c	; 12
     ce8:	2c 93       	st	X, r18
     cea:	62 17       	cp	r22, r18
     cec:	e1 f0       	breq	.+56     	; 0xd26 <.L74>

00000cee <.L85>:
     cee:	90 e0       	ldi	r25, 0x00	; 0

00000cf0 <.L72>:
     cf0:	9f 5f       	subi	r25, 0xFF	; 255

00000cf2 <.L70>:
     cf2:	5f 9b       	sbis	0x0b, 7	; 11
     cf4:	fe cf       	rjmp	.-4      	; 0xcf2 <.L70>
     cf6:	c4 30       	cpi	r28, 0x04	; 4
     cf8:	d1 05       	cpc	r29, r1
     cfa:	19 f4       	brne	.+6      	; 0xd02 <.L71>
     cfc:	22 27       	eor	r18, r18
     cfe:	51 99       	sbic	0x0a, 1	; 10
     d00:	23 95       	inc	r18

00000d02 <.L71>:
     d02:	4c b1       	in	r20, 0x0c	; 12
     d04:	fd 01       	movw	r30, r26
     d06:	e9 0f       	add	r30, r25
     d08:	f1 1d       	adc	r31, r1
     d0a:	40 83       	st	Z, r20
     d0c:	64 13       	cpse	r22, r20
     d0e:	f0 cf       	rjmp	.-32     	; 0xcf0 <.L72>
     d10:	10 82       	st	Z, r1

00000d12 <.L65>:
     d12:	df 91       	pop	r29
     d14:	cf 91       	pop	r28
     d16:	08 95       	ret

00000d18 <.L84>:
     d18:	88 27       	eor	r24, r24
     d1a:	51 99       	sbic	0x0a, 1	; 10
     d1c:	83 95       	inc	r24
     d1e:	2c b1       	in	r18, 0x0c	; 12
     d20:	2c 93       	st	X, r18
     d22:	62 13       	cpse	r22, r18
     d24:	e4 cf       	rjmp	.-56     	; 0xcee <.L85>

00000d26 <.L74>:
     d26:	fd 01       	movw	r30, r26
     d28:	10 82       	st	Z, r1
     d2a:	f3 cf       	rjmp	.-26     	; 0xd12 <.L65>

00000d2c <UART_send_number_polling>:
     d2c:	cf 93       	push	r28
     d2e:	df 93       	push	r29
     d30:	cd b7       	in	r28, 0x3d	; 61
     d32:	de b7       	in	r29, 0x3e	; 62
     d34:	2a 97       	sbiw	r28, 0x0a	; 10
     d36:	0f b6       	in	r0, 0x3f	; 63
     d38:	f8 94       	cli
     d3a:	de bf       	out	0x3e, r29	; 62
     d3c:	0f be       	out	0x3f, r0	; 63
     d3e:	cd bf       	out	0x3d, r28	; 61
     d40:	30 e0       	ldi	r19, 0x00	; 0
     d42:	5d ec       	ldi	r21, 0xCD	; 205
     d44:	81 15       	cp	r24, r1
     d46:	09 f4       	brne	.+2      	; 0xd4a <.L87>

00000d48 <L0^A>:
     d48:	45 c0       	rjmp	.+138    	; 0xdd4 <.L88>

00000d4a <.L87>:
     d4a:	fe 01       	movw	r30, r28
     d4c:	31 96       	adiw	r30, 0x01	; 1
     d4e:	e3 0f       	add	r30, r19
     d50:	f1 1d       	adc	r31, r1
     d52:	37 fd       	sbrc	r19, 7
     d54:	fa 95       	dec	r31
     d56:	85 9f       	mul	r24, r21
     d58:	91 2d       	mov	r25, r1
     d5a:	11 24       	eor	r1, r1
     d5c:	96 95       	lsr	r25
     d5e:	96 95       	lsr	r25
     d60:	96 95       	lsr	r25
     d62:	29 2f       	mov	r18, r25
     d64:	22 0f       	add	r18, r18
     d66:	22 0f       	add	r18, r18
     d68:	29 0f       	add	r18, r25
     d6a:	22 0f       	add	r18, r18
     d6c:	48 2f       	mov	r20, r24
     d6e:	42 1b       	sub	r20, r18
     d70:	24 2f       	mov	r18, r20
     d72:	20 5d       	subi	r18, 0xD0	; 208
     d74:	20 83       	st	Z, r18
     d76:	43 2f       	mov	r20, r19
     d78:	3f 5f       	subi	r19, 0xFF	; 255
     d7a:	28 2f       	mov	r18, r24
     d7c:	89 2f       	mov	r24, r25
     d7e:	2a 30       	cpi	r18, 0x0A	; 10
     d80:	20 f7       	brcc	.-56     	; 0xd4a <.L87>
     d82:	47 fd       	sbrc	r20, 7
     d84:	1e c0       	rjmp	.+60     	; 0xdc2 <.L86>
     d86:	84 2f       	mov	r24, r20
     d88:	94 2f       	mov	r25, r20
     d8a:	99 0f       	add	r25, r25
     d8c:	99 0b       	sbc	r25, r25
     d8e:	fe 01       	movw	r30, r28
     d90:	32 96       	adiw	r30, 0x02	; 2
     d92:	e8 0f       	add	r30, r24
     d94:	f9 1f       	adc	r31, r25
     d96:	9e 01       	movw	r18, r28
     d98:	2f 5f       	subi	r18, 0xFF	; 255
     d9a:	3f 4f       	sbci	r19, 0xFF	; 255
     d9c:	82 0f       	add	r24, r18
     d9e:	93 1f       	adc	r25, r19
     da0:	84 1b       	sub	r24, r20
     da2:	91 09       	sbc	r25, r1
     da4:	40 91 a6 00 	lds	r20, 0x00A6	; 0x8000a6 <global_uart_Config+0x6>
     da8:	50 91 a7 00 	lds	r21, 0x00A7	; 0x8000a7 <global_uart_Config+0x7>

00000dac <.L94>:
     dac:	22 91       	ld	r18, -Z

00000dae <.L92>:
     dae:	5d 9b       	sbis	0x0b, 5	; 11
     db0:	fe cf       	rjmp	.-4      	; 0xdae <.L92>
     db2:	44 30       	cpi	r20, 0x04	; 4
     db4:	51 05       	cpc	r21, r1
     db6:	09 f4       	brne	.+2      	; 0xdba <.L93>
     db8:	50 98       	cbi	0x0a, 0	; 10

00000dba <.L93>:
     dba:	2c b9       	out	0x0c, r18	; 12
     dbc:	e8 17       	cp	r30, r24
     dbe:	f9 07       	cpc	r31, r25
     dc0:	a9 f7       	brne	.-22     	; 0xdac <.L94>

00000dc2 <.L86>:
     dc2:	2a 96       	adiw	r28, 0x0a	; 10
     dc4:	0f b6       	in	r0, 0x3f	; 63
     dc6:	f8 94       	cli
     dc8:	de bf       	out	0x3e, r29	; 62
     dca:	0f be       	out	0x3f, r0	; 63
     dcc:	cd bf       	out	0x3d, r28	; 61
     dce:	df 91       	pop	r29
     dd0:	cf 91       	pop	r28
     dd2:	08 95       	ret

00000dd4 <.L88>:
     dd4:	5d 9b       	sbis	0x0b, 5	; 11
     dd6:	fe cf       	rjmp	.-4      	; 0xdd4 <.L88>
     dd8:	80 91 a6 00 	lds	r24, 0x00A6	; 0x8000a6 <global_uart_Config+0x6>
     ddc:	90 91 a7 00 	lds	r25, 0x00A7	; 0x8000a7 <global_uart_Config+0x7>
     de0:	04 97       	sbiw	r24, 0x04	; 4
     de2:	19 f0       	breq	.+6      	; 0xdea <.L102>

00000de4 <.L89>:
     de4:	80 e3       	ldi	r24, 0x30	; 48
     de6:	8c b9       	out	0x0c, r24	; 12
     de8:	ec cf       	rjmp	.-40     	; 0xdc2 <.L86>

00000dea <.L102>:
     dea:	50 98       	cbi	0x0a, 0	; 10
     dec:	fb cf       	rjmp	.-10     	; 0xde4 <.L89>

00000dee <UART_read_flag_RX_complete>:
     dee:	88 27       	eor	r24, r24
     df0:	5f 99       	sbic	0x0b, 7	; 11
     df2:	83 95       	inc	r24
     df4:	08 95       	ret

00000df6 <UART_EnableRX>:
     df6:	54 9a       	sbi	0x0a, 4	; 10
     df8:	08 95       	ret

00000dfa <UART_EnableTX>:
     dfa:	53 9a       	sbi	0x0a, 3	; 10
     dfc:	08 95       	ret

00000dfe <UART_DisableRX>:
     dfe:	54 98       	cbi	0x0a, 4	; 10
     e00:	08 95       	ret

00000e02 <UART_DisableTX>:
     e02:	53 98       	cbi	0x0a, 3	; 10
     e04:	08 95       	ret

00000e06 <main>:
     e06:	0e 94 49 00 	call	0x92	; 0x92 <ADXL_init>

00000e0a <.L2>:
     e0a:	0e 94 b8 01 	call	0x370	; 0x370 <ADXL_uart_send_accel>
     e0e:	8a e9       	ldi	r24, 0x9A	; 154
     e10:	90 e0       	ldi	r25, 0x00	; 0
     e12:	0e 94 4d 06 	call	0xc9a	; 0xc9a <UART_send_string_polling>
     e16:	2f ef       	ldi	r18, 0xFF	; 255
     e18:	84 e3       	ldi	r24, 0x34	; 52
     e1a:	9c e0       	ldi	r25, 0x0C	; 12

00000e1c <.L1^B1>:
     e1c:	21 50       	subi	r18, 0x01	; 1
     e1e:	80 40       	sbci	r24, 0x00	; 0
     e20:	90 40       	sbci	r25, 0x00	; 0
     e22:	e1 f7       	brne	.-8      	; 0xe1c <.L1^B1>
     e24:	00 c0       	rjmp	.+0      	; 0xe26 <L0^A>

00000e26 <L0^A>:
     e26:	00 00       	nop
     e28:	f0 cf       	rjmp	.-32     	; 0xe0a <.L2>

00000e2a <__udivmodsi4>:
     e2a:	a1 e2       	ldi	r26, 0x21	; 33

00000e2c <.Loc.1>:
     e2c:	1a 2e       	mov	r1, r26

00000e2e <.Loc.2>:
     e2e:	aa 1b       	sub	r26, r26

00000e30 <.Loc.3>:
     e30:	bb 1b       	sub	r27, r27

00000e32 <.Loc.4>:
     e32:	fd 01       	movw	r30, r26

00000e34 <.Loc.5>:
     e34:	0d c0       	rjmp	.+26     	; 0xe50 <__udivmodsi4_ep>

00000e36 <__udivmodsi4_loop>:
     e36:	aa 1f       	adc	r26, r26

00000e38 <.Loc.7>:
     e38:	bb 1f       	adc	r27, r27

00000e3a <.Loc.8>:
     e3a:	ee 1f       	adc	r30, r30

00000e3c <.Loc.9>:
     e3c:	ff 1f       	adc	r31, r31

00000e3e <.Loc.10>:
     e3e:	a2 17       	cp	r26, r18

00000e40 <.Loc.11>:
     e40:	b3 07       	cpc	r27, r19

00000e42 <.Loc.12>:
     e42:	e4 07       	cpc	r30, r20

00000e44 <.Loc.13>:
     e44:	f5 07       	cpc	r31, r21

00000e46 <.Loc.14>:
     e46:	20 f0       	brcs	.+8      	; 0xe50 <__udivmodsi4_ep>

00000e48 <.Loc.15>:
     e48:	a2 1b       	sub	r26, r18

00000e4a <.Loc.16>:
     e4a:	b3 0b       	sbc	r27, r19

00000e4c <.Loc.17>:
     e4c:	e4 0b       	sbc	r30, r20

00000e4e <.Loc.18>:
     e4e:	f5 0b       	sbc	r31, r21

00000e50 <__udivmodsi4_ep>:
     e50:	66 1f       	adc	r22, r22

00000e52 <.Loc.20>:
     e52:	77 1f       	adc	r23, r23

00000e54 <.Loc.21>:
     e54:	88 1f       	adc	r24, r24

00000e56 <.Loc.22>:
     e56:	99 1f       	adc	r25, r25

00000e58 <.Loc.23>:
     e58:	1a 94       	dec	r1

00000e5a <.Loc.24>:
     e5a:	69 f7       	brne	.-38     	; 0xe36 <__udivmodsi4_loop>

00000e5c <.Loc.25>:
     e5c:	60 95       	com	r22

00000e5e <.Loc.26>:
     e5e:	70 95       	com	r23

00000e60 <.Loc.27>:
     e60:	80 95       	com	r24

00000e62 <.Loc.28>:
     e62:	90 95       	com	r25

00000e64 <.Loc.29>:
     e64:	9b 01       	movw	r18, r22

00000e66 <.Loc.30>:
     e66:	ac 01       	movw	r20, r24

00000e68 <.Loc.31>:
     e68:	bd 01       	movw	r22, r26

00000e6a <.Loc.32>:
     e6a:	cf 01       	movw	r24, r30

00000e6c <.Loc.33>:
     e6c:	08 95       	ret

00000e6e <__subsf3>:
     e6e:	50 58       	subi	r21, 0x80	; 128

00000e70 <__addsf3>:
     e70:	bb 27       	eor	r27, r27
     e72:	aa 27       	eor	r26, r26
     e74:	0e 94 4f 07 	call	0xe9e	; 0xe9e <__addsf3x>
     e78:	0c 94 99 08 	jmp	0x1132	; 0x1132 <__fp_round>

00000e7c <.L0^B1>:
     e7c:	0e 94 8b 08 	call	0x1116	; 0x1116 <__fp_pscA>
     e80:	38 f0       	brcs	.+14     	; 0xe90 <.L_nan>
     e82:	0e 94 92 08 	call	0x1124	; 0x1124 <__fp_pscB>
     e86:	20 f0       	brcs	.+8      	; 0xe90 <.L_nan>
     e88:	39 f4       	brne	.+14     	; 0xe98 <.L_inf>
     e8a:	9f 3f       	cpi	r25, 0xFF	; 255
     e8c:	19 f4       	brne	.+6      	; 0xe94 <.L_infB>
     e8e:	26 f4       	brtc	.+8      	; 0xe98 <.L_inf>

00000e90 <.L_nan>:
     e90:	0c 94 88 08 	jmp	0x1110	; 0x1110 <__fp_nan>

00000e94 <.L_infB>:
     e94:	0e f4       	brtc	.+2      	; 0xe98 <.L_inf>
     e96:	e0 95       	com	r30

00000e98 <.L_inf>:
     e98:	e7 fb       	bst	r30, 7
     e9a:	0c 94 82 08 	jmp	0x1104	; 0x1104 <__fp_inf>

00000e9e <__addsf3x>:
     e9e:	e9 2f       	mov	r30, r25
     ea0:	0e 94 aa 08 	call	0x1154	; 0x1154 <__fp_split3>
     ea4:	58 f3       	brcs	.-42     	; 0xe7c <.L0^B1>
     ea6:	ba 17       	cp	r27, r26
     ea8:	62 07       	cpc	r22, r18
     eaa:	73 07       	cpc	r23, r19
     eac:	84 07       	cpc	r24, r20
     eae:	95 07       	cpc	r25, r21
     eb0:	20 f0       	brcs	.+8      	; 0xeba <.L2^B1>
     eb2:	79 f4       	brne	.+30     	; 0xed2 <.L4^B1>
     eb4:	a6 f5       	brtc	.+104    	; 0xf1e <.L_add>
     eb6:	0c 94 cc 08 	jmp	0x1198	; 0x1198 <__fp_zero>

00000eba <.L2^B1>:
     eba:	0e f4       	brtc	.+2      	; 0xebe <.L3^B1>
     ebc:	e0 95       	com	r30

00000ebe <.L3^B1>:
     ebe:	0b 2e       	mov	r0, r27
     ec0:	ba 2f       	mov	r27, r26
     ec2:	a0 2d       	mov	r26, r0
     ec4:	0b 01       	movw	r0, r22
     ec6:	b9 01       	movw	r22, r18
     ec8:	90 01       	movw	r18, r0
     eca:	0c 01       	movw	r0, r24
     ecc:	ca 01       	movw	r24, r20
     ece:	a0 01       	movw	r20, r0
     ed0:	11 24       	eor	r1, r1

00000ed2 <.L4^B1>:
     ed2:	ff 27       	eor	r31, r31
     ed4:	59 1b       	sub	r21, r25

00000ed6 <.L5^B1>:
     ed6:	99 f0       	breq	.+38     	; 0xefe <.L7^B1>
     ed8:	59 3f       	cpi	r21, 0xF9	; 249
     eda:	50 f4       	brcc	.+20     	; 0xef0 <.L6^B1>
     edc:	50 3e       	cpi	r21, 0xE0	; 224
     ede:	68 f1       	brcs	.+90     	; 0xf3a <.L_ret>
     ee0:	1a 16       	cp	r1, r26
     ee2:	f0 40       	sbci	r31, 0x00	; 0
     ee4:	a2 2f       	mov	r26, r18
     ee6:	23 2f       	mov	r18, r19
     ee8:	34 2f       	mov	r19, r20
     eea:	44 27       	eor	r20, r20
     eec:	58 5f       	subi	r21, 0xF8	; 248
     eee:	f3 cf       	rjmp	.-26     	; 0xed6 <.L5^B1>

00000ef0 <.L6^B1>:
     ef0:	46 95       	lsr	r20
     ef2:	37 95       	ror	r19
     ef4:	27 95       	ror	r18
     ef6:	a7 95       	ror	r26
     ef8:	f0 40       	sbci	r31, 0x00	; 0
     efa:	53 95       	inc	r21
     efc:	c9 f7       	brne	.-14     	; 0xef0 <.L6^B1>

00000efe <.L7^B1>:
     efe:	7e f4       	brtc	.+30     	; 0xf1e <.L_add>
     f00:	1f 16       	cp	r1, r31
     f02:	ba 0b       	sbc	r27, r26
     f04:	62 0b       	sbc	r22, r18
     f06:	73 0b       	sbc	r23, r19
     f08:	84 0b       	sbc	r24, r20
     f0a:	ba f0       	brmi	.+46     	; 0xf3a <.L_ret>

00000f0c <.L8^B1>:
     f0c:	91 50       	subi	r25, 0x01	; 1
     f0e:	a1 f0       	breq	.+40     	; 0xf38 <.L9^B1>
     f10:	ff 0f       	add	r31, r31
     f12:	bb 1f       	adc	r27, r27
     f14:	66 1f       	adc	r22, r22
     f16:	77 1f       	adc	r23, r23
     f18:	88 1f       	adc	r24, r24
     f1a:	c2 f7       	brpl	.-16     	; 0xf0c <.L8^B1>
     f1c:	0e c0       	rjmp	.+28     	; 0xf3a <.L_ret>

00000f1e <.L_add>:
     f1e:	ba 0f       	add	r27, r26
     f20:	62 1f       	adc	r22, r18
     f22:	73 1f       	adc	r23, r19
     f24:	84 1f       	adc	r24, r20
     f26:	48 f4       	brcc	.+18     	; 0xf3a <.L_ret>
     f28:	87 95       	ror	r24
     f2a:	77 95       	ror	r23
     f2c:	67 95       	ror	r22
     f2e:	b7 95       	ror	r27
     f30:	f7 95       	ror	r31
     f32:	9e 3f       	cpi	r25, 0xFE	; 254
     f34:	08 f0       	brcs	.+2      	; 0xf38 <.L9^B1>
     f36:	b0 cf       	rjmp	.-160    	; 0xe98 <.L_inf>

00000f38 <.L9^B1>:
     f38:	93 95       	inc	r25

00000f3a <.L_ret>:
     f3a:	88 0f       	add	r24, r24
     f3c:	08 f0       	brcs	.+2      	; 0xf40 <.L1^B1>
     f3e:	99 27       	eor	r25, r25

00000f40 <.L1^B1>:
     f40:	ee 0f       	add	r30, r30
     f42:	97 95       	ror	r25
     f44:	87 95       	ror	r24
     f46:	08 95       	ret

00000f48 <__divsf3>:
     f48:	0e 94 b8 07 	call	0xf70	; 0xf70 <__divsf3x>
     f4c:	0c 94 99 08 	jmp	0x1132	; 0x1132 <__fp_round>

00000f50 <.L0^B1>:
     f50:	0e 94 92 08 	call	0x1124	; 0x1124 <__fp_pscB>
     f54:	58 f0       	brcs	.+22     	; 0xf6c <.L_nan>
     f56:	0e 94 8b 08 	call	0x1116	; 0x1116 <__fp_pscA>
     f5a:	40 f0       	brcs	.+16     	; 0xf6c <.L_nan>
     f5c:	29 f4       	brne	.+10     	; 0xf68 <.L_zr>
     f5e:	5f 3f       	cpi	r21, 0xFF	; 255
     f60:	29 f0       	breq	.+10     	; 0xf6c <.L_nan>

00000f62 <.L_inf>:
     f62:	0c 94 82 08 	jmp	0x1104	; 0x1104 <__fp_inf>

00000f66 <.L1^B1>:
     f66:	51 11       	cpse	r21, r1

00000f68 <.L_zr>:
     f68:	0c 94 cd 08 	jmp	0x119a	; 0x119a <__fp_szero>

00000f6c <.L_nan>:
     f6c:	0c 94 88 08 	jmp	0x1110	; 0x1110 <__fp_nan>

00000f70 <__divsf3x>:
     f70:	0e 94 aa 08 	call	0x1154	; 0x1154 <__fp_split3>
     f74:	68 f3       	brcs	.-38     	; 0xf50 <.L0^B1>

00000f76 <__divsf3_pse>:
     f76:	99 23       	and	r25, r25
     f78:	b1 f3       	breq	.-20     	; 0xf66 <.L1^B1>
     f7a:	55 23       	and	r21, r21
     f7c:	91 f3       	breq	.-28     	; 0xf62 <.L_inf>
     f7e:	95 1b       	sub	r25, r21
     f80:	55 0b       	sbc	r21, r21
     f82:	bb 27       	eor	r27, r27
     f84:	aa 27       	eor	r26, r26

00000f86 <.L2^B1>:
     f86:	62 17       	cp	r22, r18
     f88:	73 07       	cpc	r23, r19
     f8a:	84 07       	cpc	r24, r20
     f8c:	38 f0       	brcs	.+14     	; 0xf9c <.L3^B1>
     f8e:	9f 5f       	subi	r25, 0xFF	; 255
     f90:	5f 4f       	sbci	r21, 0xFF	; 255
     f92:	22 0f       	add	r18, r18
     f94:	33 1f       	adc	r19, r19
     f96:	44 1f       	adc	r20, r20
     f98:	aa 1f       	adc	r26, r26
     f9a:	a9 f3       	breq	.-22     	; 0xf86 <.L2^B1>

00000f9c <.L3^B1>:
     f9c:	35 d0       	rcall	.+106    	; 0x1008 <.L_div>
     f9e:	0e 2e       	mov	r0, r30
     fa0:	3a f0       	brmi	.+14     	; 0xfb0 <.L5^B1>

00000fa2 <.L4^B1>:
     fa2:	e0 e8       	ldi	r30, 0x80	; 128
     fa4:	32 d0       	rcall	.+100    	; 0x100a <.L_div1>
     fa6:	91 50       	subi	r25, 0x01	; 1
     fa8:	50 40       	sbci	r21, 0x00	; 0
     faa:	e6 95       	lsr	r30
     fac:	00 1c       	adc	r0, r0
     fae:	ca f7       	brpl	.-14     	; 0xfa2 <.L4^B1>

00000fb0 <.L5^B1>:
     fb0:	2b d0       	rcall	.+86     	; 0x1008 <.L_div>
     fb2:	fe 2f       	mov	r31, r30
     fb4:	29 d0       	rcall	.+82     	; 0x1008 <.L_div>
     fb6:	66 0f       	add	r22, r22
     fb8:	77 1f       	adc	r23, r23
     fba:	88 1f       	adc	r24, r24
     fbc:	bb 1f       	adc	r27, r27
     fbe:	26 17       	cp	r18, r22
     fc0:	37 07       	cpc	r19, r23
     fc2:	48 07       	cpc	r20, r24
     fc4:	ab 07       	cpc	r26, r27
     fc6:	b0 e8       	ldi	r27, 0x80	; 128
     fc8:	09 f0       	breq	.+2      	; 0xfcc <.L4^B2>
     fca:	bb 0b       	sbc	r27, r27

00000fcc <.L4^B2>:
     fcc:	80 2d       	mov	r24, r0
     fce:	bf 01       	movw	r22, r30
     fd0:	ff 27       	eor	r31, r31
     fd2:	93 58       	subi	r25, 0x83	; 131
     fd4:	5f 4f       	sbci	r21, 0xFF	; 255
     fd6:	3a f0       	brmi	.+14     	; 0xfe6 <.L13^B1>
     fd8:	9e 3f       	cpi	r25, 0xFE	; 254
     fda:	51 05       	cpc	r21, r1
     fdc:	78 f0       	brcs	.+30     	; 0xffc <.L15^B1>
     fde:	0c 94 82 08 	jmp	0x1104	; 0x1104 <__fp_inf>

00000fe2 <.L12^B1>:
     fe2:	0c 94 cd 08 	jmp	0x119a	; 0x119a <__fp_szero>

00000fe6 <.L13^B1>:
     fe6:	5f 3f       	cpi	r21, 0xFF	; 255
     fe8:	e4 f3       	brlt	.-8      	; 0xfe2 <.L12^B1>
     fea:	98 3e       	cpi	r25, 0xE8	; 232
     fec:	d4 f3       	brlt	.-12     	; 0xfe2 <.L12^B1>

00000fee <.L14^B1>:
     fee:	86 95       	lsr	r24
     ff0:	77 95       	ror	r23
     ff2:	67 95       	ror	r22
     ff4:	b7 95       	ror	r27
     ff6:	f7 95       	ror	r31
     ff8:	9f 5f       	subi	r25, 0xFF	; 255
     ffa:	c9 f7       	brne	.-14     	; 0xfee <.L14^B1>

00000ffc <.L15^B1>:
     ffc:	88 0f       	add	r24, r24
     ffe:	91 1d       	adc	r25, r1
    1000:	96 95       	lsr	r25
    1002:	87 95       	ror	r24
    1004:	97 f9       	bld	r25, 7
    1006:	08 95       	ret

00001008 <.L_div>:
    1008:	e1 e0       	ldi	r30, 0x01	; 1

0000100a <.L_div1>:
    100a:	66 0f       	add	r22, r22
    100c:	77 1f       	adc	r23, r23
    100e:	88 1f       	adc	r24, r24
    1010:	bb 1f       	adc	r27, r27
    1012:	62 17       	cp	r22, r18
    1014:	73 07       	cpc	r23, r19
    1016:	84 07       	cpc	r24, r20
    1018:	ba 07       	cpc	r27, r26
    101a:	20 f0       	brcs	.+8      	; 0x1024 <.L2^B2>
    101c:	62 1b       	sub	r22, r18
    101e:	73 0b       	sbc	r23, r19
    1020:	84 0b       	sbc	r24, r20
    1022:	ba 0b       	sbc	r27, r26

00001024 <.L2^B2>:
    1024:	ee 1f       	adc	r30, r30
    1026:	88 f7       	brcc	.-30     	; 0x100a <.L_div1>
    1028:	e0 95       	com	r30
    102a:	08 95       	ret

0000102c <__fixunssfsi>:
    102c:	0e 94 b2 08 	call	0x1164	; 0x1164 <__fp_splitA>
    1030:	88 f0       	brcs	.+34     	; 0x1054 <.L_err>
    1032:	9f 57       	subi	r25, 0x7F	; 127
    1034:	98 f0       	brcs	.+38     	; 0x105c <.L_zr>
    1036:	b9 2f       	mov	r27, r25
    1038:	99 27       	eor	r25, r25
    103a:	b7 51       	subi	r27, 0x17	; 23
    103c:	b0 f0       	brcs	.+44     	; 0x106a <.L4^B1>
    103e:	e1 f0       	breq	.+56     	; 0x1078 <.L_sign>

00001040 <.L1^B1>:
    1040:	66 0f       	add	r22, r22
    1042:	77 1f       	adc	r23, r23
    1044:	88 1f       	adc	r24, r24
    1046:	99 1f       	adc	r25, r25
    1048:	1a f0       	brmi	.+6      	; 0x1050 <.L2^B1>
    104a:	ba 95       	dec	r27
    104c:	c9 f7       	brne	.-14     	; 0x1040 <.L1^B1>
    104e:	14 c0       	rjmp	.+40     	; 0x1078 <.L_sign>

00001050 <.L2^B1>:
    1050:	b1 30       	cpi	r27, 0x01	; 1
    1052:	91 f0       	breq	.+36     	; 0x1078 <.L_sign>

00001054 <.L_err>:
    1054:	0e 94 cc 08 	call	0x1198	; 0x1198 <__fp_zero>
    1058:	b1 e0       	ldi	r27, 0x01	; 1
    105a:	08 95       	ret

0000105c <.L_zr>:
    105c:	0c 94 cc 08 	jmp	0x1198	; 0x1198 <__fp_zero>

00001060 <.L3^B1>:
    1060:	67 2f       	mov	r22, r23
    1062:	78 2f       	mov	r23, r24
    1064:	88 27       	eor	r24, r24
    1066:	b8 5f       	subi	r27, 0xF8	; 248
    1068:	39 f0       	breq	.+14     	; 0x1078 <.L_sign>

0000106a <.L4^B1>:
    106a:	b9 3f       	cpi	r27, 0xF9	; 249
    106c:	cc f3       	brlt	.-14     	; 0x1060 <.L3^B1>

0000106e <.L5^B1>:
    106e:	86 95       	lsr	r24
    1070:	77 95       	ror	r23
    1072:	67 95       	ror	r22
    1074:	b3 95       	inc	r27
    1076:	d9 f7       	brne	.-10     	; 0x106e <.L5^B1>

00001078 <.L_sign>:
    1078:	3e f4       	brtc	.+14     	; 0x1088 <.L6^B1>
    107a:	90 95       	com	r25
    107c:	80 95       	com	r24
    107e:	70 95       	com	r23
    1080:	61 95       	neg	r22
    1082:	7f 4f       	sbci	r23, 0xFF	; 255
    1084:	8f 4f       	sbci	r24, 0xFF	; 255
    1086:	9f 4f       	sbci	r25, 0xFF	; 255

00001088 <.L6^B1>:
    1088:	08 95       	ret

0000108a <__floatunsisf>:
    108a:	e8 94       	clt
    108c:	09 c0       	rjmp	.+18     	; 0x10a0 <.L1^B1>

0000108e <__floatsisf>:
    108e:	97 fb       	bst	r25, 7
    1090:	3e f4       	brtc	.+14     	; 0x10a0 <.L1^B1>
    1092:	90 95       	com	r25
    1094:	80 95       	com	r24
    1096:	70 95       	com	r23
    1098:	61 95       	neg	r22
    109a:	7f 4f       	sbci	r23, 0xFF	; 255
    109c:	8f 4f       	sbci	r24, 0xFF	; 255
    109e:	9f 4f       	sbci	r25, 0xFF	; 255

000010a0 <.L1^B1>:
    10a0:	99 23       	and	r25, r25
    10a2:	a9 f0       	breq	.+42     	; 0x10ce <.L4^B1>
    10a4:	f9 2f       	mov	r31, r25
    10a6:	96 e9       	ldi	r25, 0x96	; 150
    10a8:	bb 27       	eor	r27, r27

000010aa <.L2^B1>:
    10aa:	93 95       	inc	r25
    10ac:	f6 95       	lsr	r31
    10ae:	87 95       	ror	r24
    10b0:	77 95       	ror	r23
    10b2:	67 95       	ror	r22
    10b4:	b7 95       	ror	r27
    10b6:	f1 11       	cpse	r31, r1
    10b8:	f8 cf       	rjmp	.-16     	; 0x10aa <.L2^B1>
    10ba:	fa f4       	brpl	.+62     	; 0x10fa <.L_pack>
    10bc:	bb 0f       	add	r27, r27
    10be:	11 f4       	brne	.+4      	; 0x10c4 <.L3^B1>
    10c0:	60 ff       	sbrs	r22, 0
    10c2:	1b c0       	rjmp	.+54     	; 0x10fa <.L_pack>

000010c4 <.L3^B1>:
    10c4:	6f 5f       	subi	r22, 0xFF	; 255
    10c6:	7f 4f       	sbci	r23, 0xFF	; 255
    10c8:	8f 4f       	sbci	r24, 0xFF	; 255
    10ca:	9f 4f       	sbci	r25, 0xFF	; 255
    10cc:	16 c0       	rjmp	.+44     	; 0x10fa <.L_pack>

000010ce <.L4^B1>:
    10ce:	88 23       	and	r24, r24
    10d0:	11 f0       	breq	.+4      	; 0x10d6 <.L5^B1>
    10d2:	96 e9       	ldi	r25, 0x96	; 150
    10d4:	11 c0       	rjmp	.+34     	; 0x10f8 <.L8^B1>

000010d6 <.L5^B1>:
    10d6:	77 23       	and	r23, r23
    10d8:	21 f0       	breq	.+8      	; 0x10e2 <.L6^B1>
    10da:	9e e8       	ldi	r25, 0x8E	; 142
    10dc:	87 2f       	mov	r24, r23
    10de:	76 2f       	mov	r23, r22
    10e0:	05 c0       	rjmp	.+10     	; 0x10ec <.L7^B1>

000010e2 <.L6^B1>:
    10e2:	66 23       	and	r22, r22
    10e4:	71 f0       	breq	.+28     	; 0x1102 <.L9^B1>
    10e6:	96 e8       	ldi	r25, 0x86	; 134
    10e8:	86 2f       	mov	r24, r22
    10ea:	70 e0       	ldi	r23, 0x00	; 0

000010ec <.L7^B1>:
    10ec:	60 e0       	ldi	r22, 0x00	; 0
    10ee:	2a f0       	brmi	.+10     	; 0x10fa <.L_pack>

000010f0 <.L10^B1>:
    10f0:	9a 95       	dec	r25
    10f2:	66 0f       	add	r22, r22
    10f4:	77 1f       	adc	r23, r23
    10f6:	88 1f       	adc	r24, r24

000010f8 <.L8^B1>:
    10f8:	da f7       	brpl	.-10     	; 0x10f0 <.L10^B1>

000010fa <.L_pack>:
    10fa:	88 0f       	add	r24, r24
    10fc:	96 95       	lsr	r25
    10fe:	87 95       	ror	r24
    1100:	97 f9       	bld	r25, 7

00001102 <.L9^B1>:
    1102:	08 95       	ret

00001104 <__fp_inf>:
    1104:	97 f9       	bld	r25, 7
    1106:	9f 67       	ori	r25, 0x7F	; 127
    1108:	80 e8       	ldi	r24, 0x80	; 128
    110a:	70 e0       	ldi	r23, 0x00	; 0
    110c:	60 e0       	ldi	r22, 0x00	; 0
    110e:	08 95       	ret

00001110 <__fp_nan>:
    1110:	9f ef       	ldi	r25, 0xFF	; 255
    1112:	80 ec       	ldi	r24, 0xC0	; 192
    1114:	08 95       	ret

00001116 <__fp_pscA>:
    1116:	00 24       	eor	r0, r0
    1118:	0a 94       	dec	r0
    111a:	16 16       	cp	r1, r22
    111c:	17 06       	cpc	r1, r23
    111e:	18 06       	cpc	r1, r24
    1120:	09 06       	cpc	r0, r25
    1122:	08 95       	ret

00001124 <__fp_pscB>:
    1124:	00 24       	eor	r0, r0
    1126:	0a 94       	dec	r0
    1128:	12 16       	cp	r1, r18
    112a:	13 06       	cpc	r1, r19
    112c:	14 06       	cpc	r1, r20
    112e:	05 06       	cpc	r0, r21
    1130:	08 95       	ret

00001132 <__fp_round>:
    1132:	09 2e       	mov	r0, r25
    1134:	03 94       	inc	r0
    1136:	00 0c       	add	r0, r0
    1138:	11 f4       	brne	.+4      	; 0x113e <.L1^B1>
    113a:	88 23       	and	r24, r24
    113c:	52 f0       	brmi	.+20     	; 0x1152 <.L3^B1>

0000113e <.L1^B1>:
    113e:	bb 0f       	add	r27, r27
    1140:	40 f4       	brcc	.+16     	; 0x1152 <.L3^B1>
    1142:	bf 2b       	or	r27, r31
    1144:	11 f4       	brne	.+4      	; 0x114a <.L2^B1>
    1146:	60 ff       	sbrs	r22, 0
    1148:	04 c0       	rjmp	.+8      	; 0x1152 <.L3^B1>

0000114a <.L2^B1>:
    114a:	6f 5f       	subi	r22, 0xFF	; 255
    114c:	7f 4f       	sbci	r23, 0xFF	; 255
    114e:	8f 4f       	sbci	r24, 0xFF	; 255
    1150:	9f 4f       	sbci	r25, 0xFF	; 255

00001152 <.L3^B1>:
    1152:	08 95       	ret

00001154 <__fp_split3>:
    1154:	57 fd       	sbrc	r21, 7
    1156:	90 58       	subi	r25, 0x80	; 128
    1158:	44 0f       	add	r20, r20
    115a:	55 1f       	adc	r21, r21
    115c:	59 f0       	breq	.+22     	; 0x1174 <.L4^B1>
    115e:	5f 3f       	cpi	r21, 0xFF	; 255
    1160:	71 f0       	breq	.+28     	; 0x117e <.L5^B1>

00001162 <.L1^B1>:
    1162:	47 95       	ror	r20

00001164 <__fp_splitA>:
    1164:	88 0f       	add	r24, r24
    1166:	97 fb       	bst	r25, 7
    1168:	99 1f       	adc	r25, r25
    116a:	61 f0       	breq	.+24     	; 0x1184 <.L6^B1>
    116c:	9f 3f       	cpi	r25, 0xFF	; 255
    116e:	79 f0       	breq	.+30     	; 0x118e <.L7^B1>

00001170 <.L3^B1>:
    1170:	87 95       	ror	r24
    1172:	08 95       	ret

00001174 <.L4^B1>:
    1174:	12 16       	cp	r1, r18
    1176:	13 06       	cpc	r1, r19
    1178:	14 06       	cpc	r1, r20
    117a:	55 1f       	adc	r21, r21
    117c:	f2 cf       	rjmp	.-28     	; 0x1162 <.L1^B1>

0000117e <.L5^B1>:
    117e:	46 95       	lsr	r20
    1180:	f1 df       	rcall	.-30     	; 0x1164 <__fp_splitA>
    1182:	08 c0       	rjmp	.+16     	; 0x1194 <.L8^B1>

00001184 <.L6^B1>:
    1184:	16 16       	cp	r1, r22
    1186:	17 06       	cpc	r1, r23
    1188:	18 06       	cpc	r1, r24
    118a:	99 1f       	adc	r25, r25
    118c:	f1 cf       	rjmp	.-30     	; 0x1170 <.L3^B1>

0000118e <.L7^B1>:
    118e:	86 95       	lsr	r24
    1190:	71 05       	cpc	r23, r1
    1192:	61 05       	cpc	r22, r1

00001194 <.L8^B1>:
    1194:	08 94       	sec
    1196:	08 95       	ret

00001198 <__fp_zero>:
    1198:	e8 94       	clt

0000119a <__fp_szero>:
    119a:	bb 27       	eor	r27, r27
    119c:	66 27       	eor	r22, r22
    119e:	77 27       	eor	r23, r23
    11a0:	cb 01       	movw	r24, r22
    11a2:	97 f9       	bld	r25, 7
    11a4:	08 95       	ret

000011a6 <__mulsf3>:
    11a6:	0e 94 e6 08 	call	0x11cc	; 0x11cc <__mulsf3x>
    11aa:	0c 94 99 08 	jmp	0x1132	; 0x1132 <__fp_round>

000011ae <.L0^B1>:
    11ae:	0e 94 8b 08 	call	0x1116	; 0x1116 <__fp_pscA>
    11b2:	38 f0       	brcs	.+14     	; 0x11c2 <.L1^B1>
    11b4:	0e 94 92 08 	call	0x1124	; 0x1124 <__fp_pscB>
    11b8:	20 f0       	brcs	.+8      	; 0x11c2 <.L1^B1>
    11ba:	95 23       	and	r25, r21
    11bc:	11 f0       	breq	.+4      	; 0x11c2 <.L1^B1>
    11be:	0c 94 82 08 	jmp	0x1104	; 0x1104 <__fp_inf>

000011c2 <.L1^B1>:
    11c2:	0c 94 88 08 	jmp	0x1110	; 0x1110 <__fp_nan>

000011c6 <.L2^B1>:
    11c6:	11 24       	eor	r1, r1
    11c8:	0c 94 cd 08 	jmp	0x119a	; 0x119a <__fp_szero>

000011cc <__mulsf3x>:
    11cc:	0e 94 aa 08 	call	0x1154	; 0x1154 <__fp_split3>
    11d0:	70 f3       	brcs	.-36     	; 0x11ae <.L0^B1>

000011d2 <__mulsf3_pse>:
    11d2:	95 9f       	mul	r25, r21
    11d4:	c1 f3       	breq	.-16     	; 0x11c6 <.L2^B1>
    11d6:	95 0f       	add	r25, r21
    11d8:	50 e0       	ldi	r21, 0x00	; 0
    11da:	55 1f       	adc	r21, r21
    11dc:	62 9f       	mul	r22, r18
    11de:	f0 01       	movw	r30, r0
    11e0:	72 9f       	mul	r23, r18
    11e2:	bb 27       	eor	r27, r27
    11e4:	f0 0d       	add	r31, r0
    11e6:	b1 1d       	adc	r27, r1
    11e8:	63 9f       	mul	r22, r19
    11ea:	aa 27       	eor	r26, r26
    11ec:	f0 0d       	add	r31, r0
    11ee:	b1 1d       	adc	r27, r1
    11f0:	aa 1f       	adc	r26, r26
    11f2:	64 9f       	mul	r22, r20
    11f4:	66 27       	eor	r22, r22
    11f6:	b0 0d       	add	r27, r0
    11f8:	a1 1d       	adc	r26, r1
    11fa:	66 1f       	adc	r22, r22
    11fc:	82 9f       	mul	r24, r18
    11fe:	22 27       	eor	r18, r18
    1200:	b0 0d       	add	r27, r0
    1202:	a1 1d       	adc	r26, r1
    1204:	62 1f       	adc	r22, r18
    1206:	73 9f       	mul	r23, r19
    1208:	b0 0d       	add	r27, r0
    120a:	a1 1d       	adc	r26, r1
    120c:	62 1f       	adc	r22, r18
    120e:	83 9f       	mul	r24, r19
    1210:	a0 0d       	add	r26, r0
    1212:	61 1d       	adc	r22, r1
    1214:	22 1f       	adc	r18, r18
    1216:	74 9f       	mul	r23, r20
    1218:	33 27       	eor	r19, r19
    121a:	a0 0d       	add	r26, r0
    121c:	61 1d       	adc	r22, r1
    121e:	23 1f       	adc	r18, r19
    1220:	84 9f       	mul	r24, r20
    1222:	60 0d       	add	r22, r0
    1224:	21 1d       	adc	r18, r1
    1226:	82 2f       	mov	r24, r18
    1228:	76 2f       	mov	r23, r22
    122a:	6a 2f       	mov	r22, r26
    122c:	11 24       	eor	r1, r1
    122e:	9f 57       	subi	r25, 0x7F	; 127
    1230:	50 40       	sbci	r21, 0x00	; 0
    1232:	9a f0       	brmi	.+38     	; 0x125a <.L13^B1>
    1234:	f1 f0       	breq	.+60     	; 0x1272 <.L15^B1>

00001236 <.L10^B1>:
    1236:	88 23       	and	r24, r24
    1238:	4a f0       	brmi	.+18     	; 0x124c <.L11^B1>
    123a:	ee 0f       	add	r30, r30
    123c:	ff 1f       	adc	r31, r31
    123e:	bb 1f       	adc	r27, r27
    1240:	66 1f       	adc	r22, r22
    1242:	77 1f       	adc	r23, r23
    1244:	88 1f       	adc	r24, r24
    1246:	91 50       	subi	r25, 0x01	; 1
    1248:	50 40       	sbci	r21, 0x00	; 0
    124a:	a9 f7       	brne	.-22     	; 0x1236 <.L10^B1>

0000124c <.L11^B1>:
    124c:	9e 3f       	cpi	r25, 0xFE	; 254
    124e:	51 05       	cpc	r21, r1
    1250:	80 f0       	brcs	.+32     	; 0x1272 <.L15^B1>
    1252:	0c 94 82 08 	jmp	0x1104	; 0x1104 <__fp_inf>

00001256 <.L12^B1>:
    1256:	0c 94 cd 08 	jmp	0x119a	; 0x119a <__fp_szero>

0000125a <.L13^B1>:
    125a:	5f 3f       	cpi	r21, 0xFF	; 255
    125c:	e4 f3       	brlt	.-8      	; 0x1256 <.L12^B1>
    125e:	98 3e       	cpi	r25, 0xE8	; 232
    1260:	d4 f3       	brlt	.-12     	; 0x1256 <.L12^B1>

00001262 <.L14^B1>:
    1262:	86 95       	lsr	r24
    1264:	77 95       	ror	r23
    1266:	67 95       	ror	r22
    1268:	b7 95       	ror	r27
    126a:	f7 95       	ror	r31
    126c:	e7 95       	ror	r30
    126e:	9f 5f       	subi	r25, 0xFF	; 255
    1270:	c1 f7       	brne	.-16     	; 0x1262 <.L14^B1>

00001272 <.L15^B1>:
    1272:	fe 2b       	or	r31, r30
    1274:	88 0f       	add	r24, r24
    1276:	91 1d       	adc	r25, r1
    1278:	96 95       	lsr	r25
    127a:	87 95       	ror	r24
    127c:	97 f9       	bld	r25, 7
    127e:	08 95       	ret

00001280 <_exit>:
    1280:	f8 94       	cli

00001282 <__stop_program>:
    1282:	ff cf       	rjmp	.-2      	; 0x1282 <__stop_program>
