
C:\LayerdArch_Atmega32\release\BLUE_1.elf:     file format elf32-avr

Sections:
Idx Name          Size      VMA       LMA       File off  Algn
  0 .text         00001f26  00000000  00000000  00000094  2**1
                  CONTENTS, ALLOC, LOAD, READONLY, CODE
  1 .data         00000076  00800060  00001f26  00001fba  2**0
                  CONTENTS, ALLOC, LOAD, DATA
  2 .bss          00000099  008000d6  008000d6  00002030  2**0
                  ALLOC
  3 .comment      0000005c  00000000  00000000  00002030  2**0
                  CONTENTS, READONLY
  4 .note.gnu.avr.deviceinfo 0000003c  00000000  00000000  0000208c  2**2
                  CONTENTS, READONLY, OCTETS
  5 .debug_info   000004e6  00000000  00000000  000020c8  2**0
                  CONTENTS, READONLY, DEBUGGING, OCTETS
  6 .debug_abbrev 000004a3  00000000  00000000  000025ae  2**0
                  CONTENTS, READONLY, DEBUGGING, OCTETS
  7 .debug_line   0000001d  00000000  00000000  00002a51  2**0
                  CONTENTS, READONLY, DEBUGGING, OCTETS
  8 .debug_str    00000196  00000000  00000000  00002a6e  2**0
                  CONTENTS, READONLY, DEBUGGING, OCTETS

Disassembly of section .text:

00000000 <__vectors>:
       0:	0c 94 2a 00 	jmp	0x54	; 0x54 <__ctors_end>
       4:	0c 94 4f 08 	jmp	0x109e	; 0x109e <__vector_1>
       8:	0c 94 78 08 	jmp	0x10f0	; 0x10f0 <__vector_2>
       c:	0c 94 a1 08 	jmp	0x1142	; 0x1142 <__vector_3>
      10:	0c 94 47 00 	jmp	0x8e	; 0x8e <__bad_interrupt>
      14:	0c 94 47 00 	jmp	0x8e	; 0x8e <__bad_interrupt>
      18:	0c 94 47 00 	jmp	0x8e	; 0x8e <__bad_interrupt>
      1c:	0c 94 47 00 	jmp	0x8e	; 0x8e <__bad_interrupt>
      20:	0c 94 47 00 	jmp	0x8e	; 0x8e <__bad_interrupt>
      24:	0c 94 47 00 	jmp	0x8e	; 0x8e <__bad_interrupt>
      28:	0c 94 47 00 	jmp	0x8e	; 0x8e <__bad_interrupt>
      2c:	0c 94 47 00 	jmp	0x8e	; 0x8e <__bad_interrupt>
      30:	0c 94 8e 09 	jmp	0x131c	; 0x131c <__vector_12>
      34:	0c 94 97 0b 	jmp	0x172e	; 0x172e <__vector_13>
      38:	0c 94 ef 0b 	jmp	0x17de	; 0x17de <__vector_14>
      3c:	0c 94 c6 0b 	jmp	0x178c	; 0x178c <__vector_15>
      40:	0c 94 47 00 	jmp	0x8e	; 0x8e <__bad_interrupt>
      44:	0c 94 47 00 	jmp	0x8e	; 0x8e <__bad_interrupt>
      48:	0c 94 47 00 	jmp	0x8e	; 0x8e <__bad_interrupt>
      4c:	0c 94 47 00 	jmp	0x8e	; 0x8e <__bad_interrupt>
      50:	0c 94 47 00 	jmp	0x8e	; 0x8e <__bad_interrupt>

00000054 <__ctors_end>:
      54:	11 24       	eor	r1, r1
      56:	1f be       	out	0x3f, r1	; 63
      58:	cf e5       	ldi	r28, 0x5F	; 95
      5a:	d8 e0       	ldi	r29, 0x08	; 8
      5c:	de bf       	out	0x3e, r29	; 62
      5e:	cd bf       	out	0x3d, r28	; 61

00000060 <__do_copy_data>:
      60:	10 e0       	ldi	r17, 0x00	; 0

00000062 <.Loc.1>:
      62:	a0 e6       	ldi	r26, 0x60	; 96

00000064 <.Loc.2>:
      64:	b0 e0       	ldi	r27, 0x00	; 0

00000066 <.Loc.3>:
      66:	e6 e2       	ldi	r30, 0x26	; 38

00000068 <.Loc.4>:
      68:	ff e1       	ldi	r31, 0x1F	; 31

0000006a <.Loc.5>:
      6a:	02 c0       	rjmp	.+4      	; 0x70 <.L__do_copy_data_start>

0000006c <.L__do_copy_data_loop>:
      6c:	05 90       	lpm	r0, Z+

0000006e <.Loc.7>:
      6e:	0d 92       	st	X+, r0

00000070 <.L__do_copy_data_start>:
      70:	a6 3d       	cpi	r26, 0xD6	; 214

00000072 <.Loc.9>:
      72:	b1 07       	cpc	r27, r17

00000074 <.Loc.10>:
      74:	d9 f7       	brne	.-10     	; 0x6c <.L__do_copy_data_loop>

00000076 <__do_clear_bss>:
      76:	21 e0       	ldi	r18, 0x01	; 1

00000078 <.Loc.1>:
      78:	a6 ed       	ldi	r26, 0xD6	; 214

0000007a <.Loc.2>:
      7a:	b0 e0       	ldi	r27, 0x00	; 0

0000007c <.Loc.3>:
      7c:	01 c0       	rjmp	.+2      	; 0x80 <.Loc.5>

0000007e <.Loc.4>:
      7e:	1d 92       	st	X+, r1

00000080 <.Loc.5>:
      80:	af 36       	cpi	r26, 0x6F	; 111

00000082 <.Loc.6>:
      82:	b2 07       	cpc	r27, r18

00000084 <.Loc.7>:
      84:	e1 f7       	brne	.-8      	; 0x7e <.Loc.4>

00000086 <L0^A>:
      86:	0e 94 18 0c 	call	0x1830	; 0x1830 <main>
      8a:	0c 94 8a 0f 	jmp	0x1f14	; 0x1f14 <_exit>

0000008e <__bad_interrupt>:
      8e:	0c 94 00 00 	jmp	0	; 0x0 <__vectors>

00000092 <Bluetooth_Init>:
      92:	ef 92       	push	r14
      94:	ff 92       	push	r15
      96:	0f 93       	push	r16
      98:	1f 93       	push	r17
      9a:	cf 93       	push	r28
      9c:	df 93       	push	r29
      9e:	cd b7       	in	r28, 0x3d	; 61
      a0:	de b7       	in	r29, 0x3e	; 62
      a2:	2b 97       	sbiw	r28, 0x0b	; 11
      a4:	0f b6       	in	r0, 0x3f	; 63
      a6:	f8 94       	cli
      a8:	de bf       	out	0x3e, r29	; 62
      aa:	0f be       	out	0x3f, r0	; 63
      ac:	cd bf       	out	0x3d, r28	; 61
      ae:	fe 01       	movw	r30, r28
      b0:	31 96       	adiw	r30, 0x01	; 1
      b2:	8b e0       	ldi	r24, 0x0B	; 11
      b4:	df 01       	movw	r26, r30

000000b6 <.L0^B1>:
      b6:	1d 92       	st	X+, r1
      b8:	8a 95       	dec	r24
      ba:	e9 f7       	brne	.-6      	; 0xb6 <.L0^B1>
      bc:	e9 80       	ldd	r14, Y+1	; 0x01
      be:	fa 80       	ldd	r15, Y+2	; 0x02
      c0:	0b 81       	ldd	r16, Y+3	; 0x03
      c2:	13 e0       	ldi	r17, 0x03	; 3
      c4:	20 e8       	ldi	r18, 0x80	; 128
      c6:	35 e2       	ldi	r19, 0x25	; 37
      c8:	40 e0       	ldi	r20, 0x00	; 0
      ca:	50 e0       	ldi	r21, 0x00	; 0
      cc:	62 e0       	ldi	r22, 0x02	; 2
      ce:	7a 85       	ldd	r23, Y+10	; 0x0a
      d0:	8b 85       	ldd	r24, Y+11	; 0x0b
      d2:	0e 94 bc 09 	call	0x1378	; 0x1378 <UART_Init>
      d6:	2b 96       	adiw	r28, 0x0b	; 11
      d8:	0f b6       	in	r0, 0x3f	; 63
      da:	f8 94       	cli
      dc:	de bf       	out	0x3e, r29	; 62
      de:	0f be       	out	0x3f, r0	; 63
      e0:	cd bf       	out	0x3d, r28	; 61
      e2:	df 91       	pop	r29
      e4:	cf 91       	pop	r28
      e6:	1f 91       	pop	r17
      e8:	0f 91       	pop	r16
      ea:	ff 90       	pop	r15
      ec:	ef 90       	pop	r14
      ee:	08 95       	ret

000000f0 <Bluetooth_SendByte>:
      f0:	90 e0       	ldi	r25, 0x00	; 0
      f2:	0c 94 81 0a 	jmp	0x1502	; 0x1502 <UART_SendBytePolling>

000000f6 <Bluetooth_ReceiveByte>:
      f6:	82 30       	cpi	r24, 0x02	; 2
      f8:	91 05       	cpc	r25, r1
      fa:	19 f0       	breq	.+6      	; 0x102 <.L6>
      fc:	0e 94 eb 0a 	call	0x15d6	; 0x15d6 <UART_ReceiveBytePolling_Timeout>
     100:	08 95       	ret

00000102 <.L6>:
     102:	81 e0       	ldi	r24, 0x01	; 1
     104:	08 95       	ret

00000106 <Bluetooth_SendString>:
     106:	82 30       	cpi	r24, 0x02	; 2
     108:	91 05       	cpc	r25, r1
     10a:	11 f0       	breq	.+4      	; 0x110 <.L7>
     10c:	0c 94 9b 0a 	jmp	0x1536	; 0x1536 <UART_SendStringPolling>

00000110 <.L7>:
     110:	08 95       	ret

00000112 <Bluetooth_ReceiveString>:
     112:	82 30       	cpi	r24, 0x02	; 2
     114:	91 05       	cpc	r25, r1
     116:	11 f0       	breq	.+4      	; 0x11c <.L9>
     118:	0c 94 b0 0a 	jmp	0x1560	; 0x1560 <UART_ReceiveStringPolling>

0000011c <.L9>:
     11c:	08 95       	ret

0000011e <DCM_Init>:
     11e:	41 e0       	ldi	r20, 0x01	; 1
     120:	65 e0       	ldi	r22, 0x05	; 5
     122:	83 e0       	ldi	r24, 0x03	; 3
     124:	0e 94 bd 06 	call	0xd7a	; 0xd7a <DIO_InitPin>
     128:	41 e0       	ldi	r20, 0x01	; 1
     12a:	66 e0       	ldi	r22, 0x06	; 6
     12c:	83 e0       	ldi	r24, 0x03	; 3
     12e:	0e 94 bd 06 	call	0xd7a	; 0xd7a <DIO_InitPin>
     132:	40 e0       	ldi	r20, 0x00	; 0
     134:	65 e0       	ldi	r22, 0x05	; 5
     136:	83 e0       	ldi	r24, 0x03	; 3
     138:	0e 94 0b 07 	call	0xe16	; 0xe16 <DIO_WritePin>
     13c:	40 e0       	ldi	r20, 0x00	; 0
     13e:	66 e0       	ldi	r22, 0x06	; 6
     140:	83 e0       	ldi	r24, 0x03	; 3
     142:	0c 94 0b 07 	jmp	0xe16	; 0xe16 <DIO_WritePin>

00000146 <DCM_OpenGate>:
     146:	41 e0       	ldi	r20, 0x01	; 1
     148:	65 e0       	ldi	r22, 0x05	; 5
     14a:	83 e0       	ldi	r24, 0x03	; 3
     14c:	0e 94 0b 07 	call	0xe16	; 0xe16 <DIO_WritePin>
     150:	40 e0       	ldi	r20, 0x00	; 0
     152:	66 e0       	ldi	r22, 0x06	; 6
     154:	83 e0       	ldi	r24, 0x03	; 3
     156:	0e 94 0b 07 	call	0xe16	; 0xe16 <DIO_WritePin>
     15a:	2f ef       	ldi	r18, 0xFF	; 255
     15c:	82 e5       	ldi	r24, 0x52	; 82
     15e:	97 e0       	ldi	r25, 0x07	; 7

00000160 <.L1^B1>:
     160:	21 50       	subi	r18, 0x01	; 1
     162:	80 40       	sbci	r24, 0x00	; 0
     164:	90 40       	sbci	r25, 0x00	; 0
     166:	e1 f7       	brne	.-8      	; 0x160 <.L1^B1>
     168:	00 c0       	rjmp	.+0      	; 0x16a <L0^A>

0000016a <L0^A>:
     16a:	00 00       	nop
     16c:	40 e0       	ldi	r20, 0x00	; 0
     16e:	65 e0       	ldi	r22, 0x05	; 5
     170:	83 e0       	ldi	r24, 0x03	; 3
     172:	0e 94 0b 07 	call	0xe16	; 0xe16 <DIO_WritePin>
     176:	40 e0       	ldi	r20, 0x00	; 0
     178:	66 e0       	ldi	r22, 0x06	; 6
     17a:	83 e0       	ldi	r24, 0x03	; 3
     17c:	0c 94 0b 07 	jmp	0xe16	; 0xe16 <DIO_WritePin>

00000180 <DCM_CloseGate>:
     180:	40 e0       	ldi	r20, 0x00	; 0
     182:	65 e0       	ldi	r22, 0x05	; 5
     184:	83 e0       	ldi	r24, 0x03	; 3
     186:	0e 94 0b 07 	call	0xe16	; 0xe16 <DIO_WritePin>
     18a:	41 e0       	ldi	r20, 0x01	; 1
     18c:	66 e0       	ldi	r22, 0x06	; 6
     18e:	83 e0       	ldi	r24, 0x03	; 3
     190:	0e 94 0b 07 	call	0xe16	; 0xe16 <DIO_WritePin>
     194:	2f ef       	ldi	r18, 0xFF	; 255
     196:	82 e5       	ldi	r24, 0x52	; 82
     198:	97 e0       	ldi	r25, 0x07	; 7

0000019a <.L1^B2>:
     19a:	21 50       	subi	r18, 0x01	; 1
     19c:	80 40       	sbci	r24, 0x00	; 0
     19e:	90 40       	sbci	r25, 0x00	; 0
     1a0:	e1 f7       	brne	.-8      	; 0x19a <.L1^B2>
     1a2:	00 c0       	rjmp	.+0      	; 0x1a4 <L0^A>

000001a4 <L0^A>:
     1a4:	00 00       	nop
     1a6:	40 e0       	ldi	r20, 0x00	; 0
     1a8:	65 e0       	ldi	r22, 0x05	; 5
     1aa:	83 e0       	ldi	r24, 0x03	; 3
     1ac:	0e 94 0b 07 	call	0xe16	; 0xe16 <DIO_WritePin>
     1b0:	40 e0       	ldi	r20, 0x00	; 0
     1b2:	66 e0       	ldi	r22, 0x06	; 6
     1b4:	83 e0       	ldi	r24, 0x03	; 3
     1b6:	0c 94 0b 07 	jmp	0xe16	; 0xe16 <DIO_WritePin>

000001ba <DCM_Stop>:
     1ba:	40 e0       	ldi	r20, 0x00	; 0
     1bc:	65 e0       	ldi	r22, 0x05	; 5
     1be:	83 e0       	ldi	r24, 0x03	; 3
     1c0:	0e 94 0b 07 	call	0xe16	; 0xe16 <DIO_WritePin>
     1c4:	40 e0       	ldi	r20, 0x00	; 0
     1c6:	66 e0       	ldi	r22, 0x06	; 6
     1c8:	83 e0       	ldi	r24, 0x03	; 3
     1ca:	0c 94 0b 07 	jmp	0xe16	; 0xe16 <DIO_WritePin>

000001ce <KeyPad_Init>:
     1ce:	ef 92       	push	r14
     1d0:	ff 92       	push	r15
     1d2:	0f 93       	push	r16
     1d4:	1f 93       	push	r17
     1d6:	cf 93       	push	r28
     1d8:	df 93       	push	r29
     1da:	c8 e7       	ldi	r28, 0x78	; 120
     1dc:	d0 e0       	ldi	r29, 0x00	; 0
     1de:	9c e7       	ldi	r25, 0x7C	; 124
     1e0:	e9 2e       	mov	r14, r25
     1e2:	90 e0       	ldi	r25, 0x00	; 0
     1e4:	f9 2e       	mov	r15, r25

000001e6 <.L2>:
     1e6:	09 91       	ld	r16, Y+
     1e8:	f7 01       	movw	r30, r14
     1ea:	11 91       	ld	r17, Z+
     1ec:	7f 01       	movw	r14, r30
     1ee:	40 e0       	ldi	r20, 0x00	; 0
     1f0:	60 2f       	mov	r22, r16
     1f2:	81 2f       	mov	r24, r17
     1f4:	0e 94 bd 06 	call	0xd7a	; 0xd7a <DIO_InitPin>
     1f8:	41 e0       	ldi	r20, 0x01	; 1
     1fa:	60 2f       	mov	r22, r16
     1fc:	81 2f       	mov	r24, r17
     1fe:	0e 94 0b 07 	call	0xe16	; 0xe16 <DIO_WritePin>
     202:	f0 e0       	ldi	r31, 0x00	; 0
     204:	cc 37       	cpi	r28, 0x7C	; 124
     206:	df 07       	cpc	r29, r31
     208:	71 f7       	brne	.-36     	; 0x1e6 <.L2>
     20a:	c0 e7       	ldi	r28, 0x70	; 112
     20c:	d0 e0       	ldi	r29, 0x00	; 0
     20e:	84 e7       	ldi	r24, 0x74	; 116
     210:	e8 2e       	mov	r14, r24
     212:	80 e0       	ldi	r24, 0x00	; 0
     214:	f8 2e       	mov	r15, r24

00000216 <.L3>:
     216:	09 91       	ld	r16, Y+
     218:	f7 01       	movw	r30, r14
     21a:	11 91       	ld	r17, Z+
     21c:	7f 01       	movw	r14, r30
     21e:	41 e0       	ldi	r20, 0x01	; 1
     220:	60 2f       	mov	r22, r16
     222:	81 2f       	mov	r24, r17
     224:	0e 94 bd 06 	call	0xd7a	; 0xd7a <DIO_InitPin>
     228:	41 e0       	ldi	r20, 0x01	; 1
     22a:	60 2f       	mov	r22, r16
     22c:	81 2f       	mov	r24, r17
     22e:	0e 94 0b 07 	call	0xe16	; 0xe16 <DIO_WritePin>
     232:	f0 e0       	ldi	r31, 0x00	; 0
     234:	c4 37       	cpi	r28, 0x74	; 116
     236:	df 07       	cpc	r29, r31
     238:	71 f7       	brne	.-36     	; 0x216 <.L3>
     23a:	df 91       	pop	r29
     23c:	cf 91       	pop	r28
     23e:	1f 91       	pop	r17
     240:	0f 91       	pop	r16
     242:	ff 90       	pop	r15
     244:	ef 90       	pop	r14
     246:	08 95       	ret

00000248 <KeyPad_Getpressedkey>:
     248:	2f 92       	push	r2
     24a:	3f 92       	push	r3
     24c:	4f 92       	push	r4
     24e:	5f 92       	push	r5
     250:	6f 92       	push	r6
     252:	7f 92       	push	r7
     254:	8f 92       	push	r8
     256:	9f 92       	push	r9
     258:	af 92       	push	r10
     25a:	bf 92       	push	r11
     25c:	cf 92       	push	r12
     25e:	df 92       	push	r13
     260:	ef 92       	push	r14
     262:	ff 92       	push	r15
     264:	0f 93       	push	r16
     266:	1f 93       	push	r17
     268:	cf 93       	push	r28
     26a:	df 93       	push	r29
     26c:	0f 92       	push	r0
     26e:	cd b7       	in	r28, 0x3d	; 61
     270:	de b7       	in	r29, 0x3e	; 62
     272:	19 82       	std	Y+1, r1	; 0x01
     274:	50 e7       	ldi	r21, 0x70	; 112
     276:	85 2e       	mov	r8, r21
     278:	50 e0       	ldi	r21, 0x00	; 0
     27a:	95 2e       	mov	r9, r21
     27c:	64 e7       	ldi	r22, 0x74	; 116
     27e:	66 2e       	mov	r6, r22
     280:	60 e0       	ldi	r22, 0x00	; 0
     282:	76 2e       	mov	r7, r22
     284:	a1 2c       	mov	r10, r1
     286:	b1 2c       	mov	r11, r1

00000288 <.L12>:
     288:	f4 01       	movw	r30, r8
     28a:	20 80       	ld	r2, Z
     28c:	f3 01       	movw	r30, r6
     28e:	30 80       	ld	r3, Z
     290:	40 e0       	ldi	r20, 0x00	; 0
     292:	62 2d       	mov	r22, r2
     294:	83 2d       	mov	r24, r3
     296:	0e 94 0b 07 	call	0xe16	; 0xe16 <DIO_WritePin>
     29a:	38 e7       	ldi	r19, 0x78	; 120
     29c:	c3 2e       	mov	r12, r19
     29e:	30 e0       	ldi	r19, 0x00	; 0
     2a0:	d3 2e       	mov	r13, r19
     2a2:	4c e7       	ldi	r20, 0x7C	; 124
     2a4:	e4 2e       	mov	r14, r20
     2a6:	40 e0       	ldi	r20, 0x00	; 0
     2a8:	f4 2e       	mov	r15, r20
     2aa:	00 e0       	ldi	r16, 0x00	; 0
     2ac:	10 e0       	ldi	r17, 0x00	; 0

000002ae <.L11>:
     2ae:	f6 01       	movw	r30, r12
     2b0:	50 80       	ld	r5, Z
     2b2:	f7 01       	movw	r30, r14
     2b4:	40 80       	ld	r4, Z
     2b6:	ae 01       	movw	r20, r28
     2b8:	4f 5f       	subi	r20, 0xFF	; 255
     2ba:	5f 4f       	sbci	r21, 0xFF	; 255
     2bc:	65 2d       	mov	r22, r5
     2be:	84 2d       	mov	r24, r4
     2c0:	0e 94 59 07 	call	0xeb2	; 0xeb2 <DIO_ReadPin>
     2c4:	89 81       	ldd	r24, Y+1	; 0x01
     2c6:	81 15       	cp	r24, r1
     2c8:	99 f1       	breq	.+102    	; 0x330 <.L17>
     2ca:	9f ef       	ldi	r25, 0xFF	; 255
     2cc:	c9 1a       	sub	r12, r25
     2ce:	d9 0a       	sbc	r13, r25
     2d0:	ef ef       	ldi	r30, 0xFF	; 255
     2d2:	ee 1a       	sub	r14, r30
     2d4:	fe 0a       	sbc	r15, r30
     2d6:	0f 5f       	subi	r16, 0xFF	; 255
     2d8:	1f 4f       	sbci	r17, 0xFF	; 255
     2da:	04 30       	cpi	r16, 0x04	; 4
     2dc:	11 05       	cpc	r17, r1
     2de:	39 f7       	brne	.-50     	; 0x2ae <.L11>
     2e0:	ff ef       	ldi	r31, 0xFF	; 255
     2e2:	8f 1a       	sub	r8, r31
     2e4:	9f 0a       	sbc	r9, r31
     2e6:	8f ef       	ldi	r24, 0xFF	; 255
     2e8:	68 1a       	sub	r6, r24
     2ea:	78 0a       	sbc	r7, r24
     2ec:	41 e0       	ldi	r20, 0x01	; 1
     2ee:	62 2d       	mov	r22, r2
     2f0:	83 2d       	mov	r24, r3
     2f2:	0e 94 0b 07 	call	0xe16	; 0xe16 <DIO_WritePin>
     2f6:	9f ef       	ldi	r25, 0xFF	; 255
     2f8:	a9 1a       	sub	r10, r25
     2fa:	b9 0a       	sbc	r11, r25
     2fc:	e4 e0       	ldi	r30, 0x04	; 4
     2fe:	ae 16       	cp	r10, r30
     300:	b1 04       	cpc	r11, r1
     302:	11 f6       	brne	.-124    	; 0x288 <.L12>
     304:	1f ef       	ldi	r17, 0xFF	; 255

00000306 <.L7>:
     306:	81 2f       	mov	r24, r17
     308:	0f 90       	pop	r0
     30a:	df 91       	pop	r29
     30c:	cf 91       	pop	r28
     30e:	1f 91       	pop	r17
     310:	0f 91       	pop	r16
     312:	ff 90       	pop	r15
     314:	ef 90       	pop	r14
     316:	df 90       	pop	r13
     318:	cf 90       	pop	r12
     31a:	bf 90       	pop	r11
     31c:	af 90       	pop	r10
     31e:	9f 90       	pop	r9
     320:	8f 90       	pop	r8
     322:	7f 90       	pop	r7
     324:	6f 90       	pop	r6
     326:	5f 90       	pop	r5
     328:	4f 90       	pop	r4
     32a:	3f 90       	pop	r3
     32c:	2f 90       	pop	r2
     32e:	08 95       	ret

00000330 <.L17>:
     330:	c5 01       	movw	r24, r10
     332:	88 0f       	add	r24, r24
     334:	99 1f       	adc	r25, r25
     336:	88 0f       	add	r24, r24
     338:	99 1f       	adc	r25, r25
     33a:	80 5a       	subi	r24, 0xA0	; 160
     33c:	9f 4f       	sbci	r25, 0xFF	; 255
     33e:	fc 01       	movw	r30, r24
     340:	e0 0f       	add	r30, r16
     342:	f1 1f       	adc	r31, r17
     344:	10 81       	ld	r17, Z

00000346 <.L9>:
     346:	ae 01       	movw	r20, r28
     348:	4f 5f       	subi	r20, 0xFF	; 255
     34a:	5f 4f       	sbci	r21, 0xFF	; 255
     34c:	65 2d       	mov	r22, r5
     34e:	84 2d       	mov	r24, r4
     350:	0e 94 59 07 	call	0xeb2	; 0xeb2 <DIO_ReadPin>
     354:	89 81       	ldd	r24, Y+1	; 0x01
     356:	81 15       	cp	r24, r1
     358:	b1 f3       	breq	.-20     	; 0x346 <.L9>
     35a:	8f e3       	ldi	r24, 0x3F	; 63
     35c:	9c e9       	ldi	r25, 0x9C	; 156

0000035e <.L1^B1>:
     35e:	01 97       	sbiw	r24, 0x01	; 1
     360:	f1 f7       	brne	.-4      	; 0x35e <.L1^B1>
     362:	00 c0       	rjmp	.+0      	; 0x364 <L0^A>

00000364 <L0^A>:
     364:	00 00       	nop
     366:	41 e0       	ldi	r20, 0x01	; 1
     368:	62 2d       	mov	r22, r2
     36a:	83 2d       	mov	r24, r3
     36c:	0e 94 0b 07 	call	0xe16	; 0xe16 <DIO_WritePin>
     370:	ca cf       	rjmp	.-108    	; 0x306 <.L7>

00000372 <LCD_WriteData>:
     372:	cf 93       	push	r28
     374:	df 93       	push	r29
     376:	0f 92       	push	r0
     378:	cd b7       	in	r28, 0x3d	; 61
     37a:	de b7       	in	r29, 0x3e	; 62
     37c:	89 83       	std	Y+1, r24	; 0x01
     37e:	61 30       	cpi	r22, 0x01	; 1
     380:	e1 f1       	breq	.+120    	; 0x3fa <.L6>
     382:	20 f0       	brcs	.+8      	; 0x38c <.L7>
     384:	0f 90       	pop	r0
     386:	df 91       	pop	r29
     388:	cf 91       	pop	r28
     38a:	08 95       	ret

0000038c <.L7>:
     38c:	41 e0       	ldi	r20, 0x01	; 1
     38e:	80 e0       	ldi	r24, 0x00	; 0
     390:	0e 94 0b 07 	call	0xe16	; 0xe16 <DIO_WritePin>
     394:	40 e0       	ldi	r20, 0x00	; 0
     396:	61 e0       	ldi	r22, 0x01	; 1
     398:	80 e0       	ldi	r24, 0x00	; 0
     39a:	0e 94 0b 07 	call	0xe16	; 0xe16 <DIO_WritePin>
     39e:	69 81       	ldd	r22, Y+1	; 0x01
     3a0:	60 7f       	andi	r22, 0xF0	; 240
     3a2:	81 e0       	ldi	r24, 0x01	; 1
     3a4:	0e 94 49 07 	call	0xe92	; 0xe92 <DIO_WriteGroup>
     3a8:	41 e0       	ldi	r20, 0x01	; 1
     3aa:	62 e0       	ldi	r22, 0x02	; 2
     3ac:	80 e0       	ldi	r24, 0x00	; 0
     3ae:	0e 94 0b 07 	call	0xe16	; 0xe16 <DIO_WritePin>
     3b2:	8f ec       	ldi	r24, 0xCF	; 207
     3b4:	97 e0       	ldi	r25, 0x07	; 7

000003b6 <.L1^B1>:
     3b6:	01 97       	sbiw	r24, 0x01	; 1
     3b8:	f1 f7       	brne	.-4      	; 0x3b6 <.L1^B1>
     3ba:	00 c0       	rjmp	.+0      	; 0x3bc <L0^A>

000003bc <L0^A>:
     3bc:	00 00       	nop
     3be:	40 e0       	ldi	r20, 0x00	; 0
     3c0:	62 e0       	ldi	r22, 0x02	; 2
     3c2:	80 e0       	ldi	r24, 0x00	; 0
     3c4:	0e 94 0b 07 	call	0xe16	; 0xe16 <DIO_WritePin>
     3c8:	69 81       	ldd	r22, Y+1	; 0x01
     3ca:	62 95       	swap	r22
     3cc:	60 7f       	andi	r22, 0xF0	; 240

000003ce <.L4>:
     3ce:	81 e0       	ldi	r24, 0x01	; 1
     3d0:	0e 94 49 07 	call	0xe92	; 0xe92 <DIO_WriteGroup>
     3d4:	41 e0       	ldi	r20, 0x01	; 1
     3d6:	62 e0       	ldi	r22, 0x02	; 2
     3d8:	80 e0       	ldi	r24, 0x00	; 0
     3da:	0e 94 0b 07 	call	0xe16	; 0xe16 <DIO_WritePin>
     3de:	8f ec       	ldi	r24, 0xCF	; 207
     3e0:	97 e0       	ldi	r25, 0x07	; 7

000003e2 <.L1^B2>:
     3e2:	01 97       	sbiw	r24, 0x01	; 1
     3e4:	f1 f7       	brne	.-4      	; 0x3e2 <.L1^B2>
     3e6:	00 c0       	rjmp	.+0      	; 0x3e8 <L0^A>

000003e8 <L0^A>:
     3e8:	00 00       	nop
     3ea:	40 e0       	ldi	r20, 0x00	; 0
     3ec:	62 e0       	ldi	r22, 0x02	; 2
     3ee:	80 e0       	ldi	r24, 0x00	; 0
     3f0:	0f 90       	pop	r0
     3f2:	df 91       	pop	r29
     3f4:	cf 91       	pop	r28
     3f6:	0c 94 0b 07 	jmp	0xe16	; 0xe16 <DIO_WritePin>

000003fa <.L6>:
     3fa:	41 e0       	ldi	r20, 0x01	; 1
     3fc:	60 e0       	ldi	r22, 0x00	; 0
     3fe:	80 e0       	ldi	r24, 0x00	; 0
     400:	0e 94 0b 07 	call	0xe16	; 0xe16 <DIO_WritePin>
     404:	40 e0       	ldi	r20, 0x00	; 0
     406:	61 e0       	ldi	r22, 0x01	; 1
     408:	80 e0       	ldi	r24, 0x00	; 0
     40a:	0e 94 0b 07 	call	0xe16	; 0xe16 <DIO_WritePin>
     40e:	69 81       	ldd	r22, Y+1	; 0x01
     410:	de cf       	rjmp	.-68     	; 0x3ce <.L4>

00000412 <LCD_WriteInstruction>:
     412:	cf 93       	push	r28
     414:	df 93       	push	r29
     416:	0f 92       	push	r0
     418:	cd b7       	in	r28, 0x3d	; 61
     41a:	de b7       	in	r29, 0x3e	; 62
     41c:	89 83       	std	Y+1, r24	; 0x01
     41e:	61 30       	cpi	r22, 0x01	; 1
     420:	e1 f1       	breq	.+120    	; 0x49a <.L12>
     422:	20 f0       	brcs	.+8      	; 0x42c <.L13>
     424:	0f 90       	pop	r0
     426:	df 91       	pop	r29
     428:	cf 91       	pop	r28
     42a:	08 95       	ret

0000042c <.L13>:
     42c:	40 e0       	ldi	r20, 0x00	; 0
     42e:	80 e0       	ldi	r24, 0x00	; 0
     430:	0e 94 0b 07 	call	0xe16	; 0xe16 <DIO_WritePin>
     434:	40 e0       	ldi	r20, 0x00	; 0
     436:	61 e0       	ldi	r22, 0x01	; 1
     438:	80 e0       	ldi	r24, 0x00	; 0
     43a:	0e 94 0b 07 	call	0xe16	; 0xe16 <DIO_WritePin>
     43e:	69 81       	ldd	r22, Y+1	; 0x01
     440:	60 7f       	andi	r22, 0xF0	; 240
     442:	81 e0       	ldi	r24, 0x01	; 1
     444:	0e 94 49 07 	call	0xe92	; 0xe92 <DIO_WriteGroup>
     448:	41 e0       	ldi	r20, 0x01	; 1
     44a:	62 e0       	ldi	r22, 0x02	; 2
     44c:	80 e0       	ldi	r24, 0x00	; 0
     44e:	0e 94 0b 07 	call	0xe16	; 0xe16 <DIO_WritePin>
     452:	8f ec       	ldi	r24, 0xCF	; 207
     454:	97 e0       	ldi	r25, 0x07	; 7

00000456 <.L1^B3>:
     456:	01 97       	sbiw	r24, 0x01	; 1
     458:	f1 f7       	brne	.-4      	; 0x456 <.L1^B3>
     45a:	00 c0       	rjmp	.+0      	; 0x45c <L0^A>

0000045c <L0^A>:
     45c:	00 00       	nop
     45e:	40 e0       	ldi	r20, 0x00	; 0
     460:	62 e0       	ldi	r22, 0x02	; 2
     462:	80 e0       	ldi	r24, 0x00	; 0
     464:	0e 94 0b 07 	call	0xe16	; 0xe16 <DIO_WritePin>
     468:	69 81       	ldd	r22, Y+1	; 0x01
     46a:	62 95       	swap	r22
     46c:	60 7f       	andi	r22, 0xF0	; 240

0000046e <.L11>:
     46e:	81 e0       	ldi	r24, 0x01	; 1
     470:	0e 94 49 07 	call	0xe92	; 0xe92 <DIO_WriteGroup>
     474:	41 e0       	ldi	r20, 0x01	; 1
     476:	62 e0       	ldi	r22, 0x02	; 2
     478:	80 e0       	ldi	r24, 0x00	; 0
     47a:	0e 94 0b 07 	call	0xe16	; 0xe16 <DIO_WritePin>
     47e:	8f ec       	ldi	r24, 0xCF	; 207
     480:	97 e0       	ldi	r25, 0x07	; 7

00000482 <.L1^B4>:
     482:	01 97       	sbiw	r24, 0x01	; 1
     484:	f1 f7       	brne	.-4      	; 0x482 <.L1^B4>
     486:	00 c0       	rjmp	.+0      	; 0x488 <L0^A>

00000488 <L0^A>:
     488:	00 00       	nop
     48a:	40 e0       	ldi	r20, 0x00	; 0
     48c:	62 e0       	ldi	r22, 0x02	; 2
     48e:	80 e0       	ldi	r24, 0x00	; 0
     490:	0f 90       	pop	r0
     492:	df 91       	pop	r29
     494:	cf 91       	pop	r28
     496:	0c 94 0b 07 	jmp	0xe16	; 0xe16 <DIO_WritePin>

0000049a <.L12>:
     49a:	40 e0       	ldi	r20, 0x00	; 0
     49c:	60 e0       	ldi	r22, 0x00	; 0
     49e:	80 e0       	ldi	r24, 0x00	; 0
     4a0:	0e 94 0b 07 	call	0xe16	; 0xe16 <DIO_WritePin>
     4a4:	40 e0       	ldi	r20, 0x00	; 0
     4a6:	61 e0       	ldi	r22, 0x01	; 1
     4a8:	80 e0       	ldi	r24, 0x00	; 0
     4aa:	0e 94 0b 07 	call	0xe16	; 0xe16 <DIO_WritePin>
     4ae:	69 81       	ldd	r22, Y+1	; 0x01
     4b0:	de cf       	rjmp	.-68     	; 0x46e <.L11>

000004b2 <LCD_Init>:
     4b2:	81 30       	cpi	r24, 0x01	; 1
     4b4:	09 f4       	brne	.+2      	; 0x4b8 <L0^A+0x2>

000004b6 <L0^A>:
     4b6:	50 c0       	rjmp	.+160    	; 0x558 <.L18>
     4b8:	08 f0       	brcs	.+2      	; 0x4bc <.L19>
     4ba:	08 95       	ret

000004bc <.L19>:
     4bc:	41 e0       	ldi	r20, 0x01	; 1
     4be:	60 e0       	ldi	r22, 0x00	; 0
     4c0:	0e 94 bd 06 	call	0xd7a	; 0xd7a <DIO_InitPin>
     4c4:	41 e0       	ldi	r20, 0x01	; 1
     4c6:	61 e0       	ldi	r22, 0x01	; 1
     4c8:	80 e0       	ldi	r24, 0x00	; 0
     4ca:	0e 94 bd 06 	call	0xd7a	; 0xd7a <DIO_InitPin>
     4ce:	41 e0       	ldi	r20, 0x01	; 1
     4d0:	62 e0       	ldi	r22, 0x02	; 2
     4d2:	80 e0       	ldi	r24, 0x00	; 0
     4d4:	0e 94 bd 06 	call	0xd7a	; 0xd7a <DIO_InitPin>
     4d8:	6f ef       	ldi	r22, 0xFF	; 255
     4da:	81 e0       	ldi	r24, 0x01	; 1
     4dc:	0e 94 fb 06 	call	0xdf6	; 0xdf6 <DIO_InitGroup>
     4e0:	9f eb       	ldi	r25, 0xBF	; 191
     4e2:	2a ed       	ldi	r18, 0xDA	; 218
     4e4:	80 e0       	ldi	r24, 0x00	; 0

000004e6 <.L1^B5>:
     4e6:	91 50       	subi	r25, 0x01	; 1
     4e8:	20 40       	sbci	r18, 0x00	; 0
     4ea:	80 40       	sbci	r24, 0x00	; 0
     4ec:	e1 f7       	brne	.-8      	; 0x4e6 <.L1^B5>
     4ee:	00 c0       	rjmp	.+0      	; 0x4f0 <L0^A>

000004f0 <L0^A>:
     4f0:	00 00       	nop
     4f2:	60 e0       	ldi	r22, 0x00	; 0
     4f4:	82 e0       	ldi	r24, 0x02	; 2
     4f6:	0e 94 09 02 	call	0x412	; 0x412 <LCD_WriteInstruction>
     4fa:	8f ec       	ldi	r24, 0xCF	; 207
     4fc:	97 e0       	ldi	r25, 0x07	; 7

000004fe <.L1^B6>:
     4fe:	01 97       	sbiw	r24, 0x01	; 1
     500:	f1 f7       	brne	.-4      	; 0x4fe <.L1^B6>
     502:	00 c0       	rjmp	.+0      	; 0x504 <L0^A>

00000504 <L0^A>:
     504:	00 00       	nop
     506:	60 e0       	ldi	r22, 0x00	; 0
     508:	88 e2       	ldi	r24, 0x28	; 40
     50a:	0e 94 09 02 	call	0x412	; 0x412 <LCD_WriteInstruction>
     50e:	8f ec       	ldi	r24, 0xCF	; 207
     510:	97 e0       	ldi	r25, 0x07	; 7

00000512 <.L1^B7>:
     512:	01 97       	sbiw	r24, 0x01	; 1
     514:	f1 f7       	brne	.-4      	; 0x512 <.L1^B7>
     516:	00 c0       	rjmp	.+0      	; 0x518 <L0^A>

00000518 <L0^A>:
     518:	00 00       	nop
     51a:	60 e0       	ldi	r22, 0x00	; 0
     51c:	8c e0       	ldi	r24, 0x0C	; 12
     51e:	0e 94 09 02 	call	0x412	; 0x412 <LCD_WriteInstruction>
     522:	8f ec       	ldi	r24, 0xCF	; 207
     524:	97 e0       	ldi	r25, 0x07	; 7

00000526 <.L1^B8>:
     526:	01 97       	sbiw	r24, 0x01	; 1
     528:	f1 f7       	brne	.-4      	; 0x526 <.L1^B8>
     52a:	00 c0       	rjmp	.+0      	; 0x52c <L0^A>

0000052c <L0^A>:
     52c:	00 00       	nop
     52e:	60 e0       	ldi	r22, 0x00	; 0
     530:	81 e0       	ldi	r24, 0x01	; 1
     532:	0e 94 09 02 	call	0x412	; 0x412 <LCD_WriteInstruction>
     536:	8f e9       	ldi	r24, 0x9F	; 159
     538:	9f e0       	ldi	r25, 0x0F	; 15

0000053a <.L1^B9>:
     53a:	01 97       	sbiw	r24, 0x01	; 1
     53c:	f1 f7       	brne	.-4      	; 0x53a <.L1^B9>
     53e:	00 c0       	rjmp	.+0      	; 0x540 <L0^A>

00000540 <L0^A>:
     540:	00 00       	nop
     542:	60 e0       	ldi	r22, 0x00	; 0

00000544 <.L17>:
     544:	86 e0       	ldi	r24, 0x06	; 6
     546:	0e 94 09 02 	call	0x412	; 0x412 <LCD_WriteInstruction>
     54a:	8f ec       	ldi	r24, 0xCF	; 207
     54c:	97 e0       	ldi	r25, 0x07	; 7

0000054e <.L1^B10>:
     54e:	01 97       	sbiw	r24, 0x01	; 1
     550:	f1 f7       	brne	.-4      	; 0x54e <.L1^B10>
     552:	00 c0       	rjmp	.+0      	; 0x554 <L0^A>

00000554 <L0^A>:
     554:	00 00       	nop
     556:	08 95       	ret

00000558 <.L18>:
     558:	41 e0       	ldi	r20, 0x01	; 1
     55a:	60 e0       	ldi	r22, 0x00	; 0
     55c:	80 e0       	ldi	r24, 0x00	; 0
     55e:	0e 94 bd 06 	call	0xd7a	; 0xd7a <DIO_InitPin>
     562:	41 e0       	ldi	r20, 0x01	; 1
     564:	61 e0       	ldi	r22, 0x01	; 1
     566:	80 e0       	ldi	r24, 0x00	; 0
     568:	0e 94 bd 06 	call	0xd7a	; 0xd7a <DIO_InitPin>
     56c:	41 e0       	ldi	r20, 0x01	; 1
     56e:	62 e0       	ldi	r22, 0x02	; 2
     570:	80 e0       	ldi	r24, 0x00	; 0
     572:	0e 94 bd 06 	call	0xd7a	; 0xd7a <DIO_InitPin>
     576:	6f ef       	ldi	r22, 0xFF	; 255
     578:	81 e0       	ldi	r24, 0x01	; 1
     57a:	0e 94 fb 06 	call	0xdf6	; 0xdf6 <DIO_InitGroup>
     57e:	2f eb       	ldi	r18, 0xBF	; 191
     580:	8a ed       	ldi	r24, 0xDA	; 218
     582:	90 e0       	ldi	r25, 0x00	; 0

00000584 <.L1^B11>:
     584:	21 50       	subi	r18, 0x01	; 1
     586:	80 40       	sbci	r24, 0x00	; 0
     588:	90 40       	sbci	r25, 0x00	; 0
     58a:	e1 f7       	brne	.-8      	; 0x584 <.L1^B11>
     58c:	00 c0       	rjmp	.+0      	; 0x58e <L0^A>

0000058e <L0^A>:
     58e:	00 00       	nop
     590:	61 e0       	ldi	r22, 0x01	; 1
     592:	88 e3       	ldi	r24, 0x38	; 56
     594:	0e 94 09 02 	call	0x412	; 0x412 <LCD_WriteInstruction>
     598:	8f ec       	ldi	r24, 0xCF	; 207
     59a:	97 e0       	ldi	r25, 0x07	; 7

0000059c <.L1^B12>:
     59c:	01 97       	sbiw	r24, 0x01	; 1
     59e:	f1 f7       	brne	.-4      	; 0x59c <.L1^B12>
     5a0:	00 c0       	rjmp	.+0      	; 0x5a2 <L0^A>

000005a2 <L0^A>:
     5a2:	00 00       	nop
     5a4:	61 e0       	ldi	r22, 0x01	; 1
     5a6:	8e e0       	ldi	r24, 0x0E	; 14
     5a8:	0e 94 09 02 	call	0x412	; 0x412 <LCD_WriteInstruction>
     5ac:	8f ec       	ldi	r24, 0xCF	; 207
     5ae:	97 e0       	ldi	r25, 0x07	; 7

000005b0 <.L1^B13>:
     5b0:	01 97       	sbiw	r24, 0x01	; 1
     5b2:	f1 f7       	brne	.-4      	; 0x5b0 <.L1^B13>
     5b4:	00 c0       	rjmp	.+0      	; 0x5b6 <L0^A>

000005b6 <L0^A>:
     5b6:	00 00       	nop
     5b8:	61 e0       	ldi	r22, 0x01	; 1
     5ba:	81 e0       	ldi	r24, 0x01	; 1
     5bc:	0e 94 09 02 	call	0x412	; 0x412 <LCD_WriteInstruction>
     5c0:	8f e9       	ldi	r24, 0x9F	; 159
     5c2:	9f e0       	ldi	r25, 0x0F	; 15

000005c4 <.L1^B14>:
     5c4:	01 97       	sbiw	r24, 0x01	; 1
     5c6:	f1 f7       	brne	.-4      	; 0x5c4 <.L1^B14>
     5c8:	00 c0       	rjmp	.+0      	; 0x5ca <L0^A>

000005ca <L0^A>:
     5ca:	00 00       	nop
     5cc:	61 e0       	ldi	r22, 0x01	; 1
     5ce:	ba cf       	rjmp	.-140    	; 0x544 <.L17>

000005d0 <LCD_WriteString>:
     5d0:	0f 93       	push	r16
     5d2:	1f 93       	push	r17
     5d4:	cf 93       	push	r28
     5d6:	df 93       	push	r29
     5d8:	00 d0       	rcall	.+0      	; 0x5da <L0^A>

000005da <L0^A>:
     5da:	cd b7       	in	r28, 0x3d	; 61
     5dc:	de b7       	in	r29, 0x3e	; 62
     5de:	8c 01       	movw	r16, r24
     5e0:	69 83       	std	Y+1, r22	; 0x01
     5e2:	00 97       	sbiw	r24, 0x00	; 0
     5e4:	91 f0       	breq	.+36     	; 0x60a <.L20>
     5e6:	fc 01       	movw	r30, r24
     5e8:	80 81       	ld	r24, Z
     5ea:	81 15       	cp	r24, r1
     5ec:	71 f0       	breq	.+28     	; 0x60a <.L20>
     5ee:	1a 82       	std	Y+2, r1	; 0x02

000005f0 <.L22>:
     5f0:	69 81       	ldd	r22, Y+1	; 0x01
     5f2:	0e 94 b9 01 	call	0x372	; 0x372 <LCD_WriteData>
     5f6:	fa 81       	ldd	r31, Y+2	; 0x02
     5f8:	ff 5f       	subi	r31, 0xFF	; 255
     5fa:	fa 83       	std	Y+2, r31	; 0x02
     5fc:	f8 01       	movw	r30, r16
     5fe:	8a 81       	ldd	r24, Y+2	; 0x02
     600:	e8 0f       	add	r30, r24
     602:	f1 1d       	adc	r31, r1
     604:	80 81       	ld	r24, Z
     606:	81 11       	cpse	r24, r1
     608:	f3 cf       	rjmp	.-26     	; 0x5f0 <.L22>

0000060a <.L20>:
     60a:	0f 90       	pop	r0
     60c:	0f 90       	pop	r0
     60e:	df 91       	pop	r29
     610:	cf 91       	pop	r28
     612:	1f 91       	pop	r17
     614:	0f 91       	pop	r16
     616:	08 95       	ret

00000618 <LCD_GotoXY>:
     618:	81 30       	cpi	r24, 0x01	; 1
     61a:	58 f0       	brcs	.+22     	; 0x632 <.L31>
     61c:	31 f4       	brne	.+12     	; 0x62a <.L34>
     61e:	80 e4       	ldi	r24, 0x40	; 64
     620:	86 0f       	add	r24, r22
     622:	80 68       	ori	r24, 0x80	; 128
     624:	60 e0       	ldi	r22, 0x00	; 0
     626:	0c 94 09 02 	jmp	0x412	; 0x412 <LCD_WriteInstruction>

0000062a <.L34>:
     62a:	80 e8       	ldi	r24, 0x80	; 128
     62c:	60 e0       	ldi	r22, 0x00	; 0
     62e:	0c 94 09 02 	jmp	0x412	; 0x412 <LCD_WriteInstruction>

00000632 <.L31>:
     632:	86 2f       	mov	r24, r22
     634:	80 68       	ori	r24, 0x80	; 128
     636:	60 e0       	ldi	r22, 0x00	; 0
     638:	0c 94 09 02 	jmp	0x412	; 0x412 <LCD_WriteInstruction>

0000063c <LCD_WriteNumber>:
     63c:	ff 92       	push	r15
     63e:	0f 93       	push	r16
     640:	1f 93       	push	r17
     642:	cf 93       	push	r28
     644:	df 93       	push	r29
     646:	cd b7       	in	r28, 0x3d	; 61
     648:	de b7       	in	r29, 0x3e	; 62
     64a:	2c 97       	sbiw	r28, 0x0c	; 12
     64c:	0f b6       	in	r0, 0x3f	; 63
     64e:	f8 94       	cli
     650:	de bf       	out	0x3e, r29	; 62
     652:	0f be       	out	0x3f, r0	; 63
     654:	cd bf       	out	0x3d, r28	; 61
     656:	4c 87       	std	Y+12, r20	; 0x0c
     658:	9f 93       	push	r25
     65a:	8f 93       	push	r24
     65c:	7f 93       	push	r23
     65e:	6f 93       	push	r22
     660:	80 e8       	ldi	r24, 0x80	; 128
     662:	90 e0       	ldi	r25, 0x00	; 0
     664:	9f 93       	push	r25
     666:	8f 93       	push	r24
     668:	8e 01       	movw	r16, r28
     66a:	0f 5f       	subi	r16, 0xFF	; 255
     66c:	1f 4f       	sbci	r17, 0xFF	; 255
     66e:	1f 93       	push	r17
     670:	0f 93       	push	r16
     672:	0e 94 92 0c 	call	0x1924	; 0x1924 <sprintf>
     676:	89 81       	ldd	r24, Y+1	; 0x01
     678:	0f b6       	in	r0, 0x3f	; 63
     67a:	f8 94       	cli
     67c:	de bf       	out	0x3e, r29	; 62
     67e:	0f be       	out	0x3f, r0	; 63
     680:	cd bf       	out	0x3d, r28	; 61
     682:	81 15       	cp	r24, r1
     684:	59 f0       	breq	.+22     	; 0x69c <.L35>
     686:	f1 2c       	mov	r15, r1

00000688 <.L37>:
     688:	6c 85       	ldd	r22, Y+12	; 0x0c
     68a:	0e 94 b9 01 	call	0x372	; 0x372 <LCD_WriteData>
     68e:	f3 94       	inc	r15
     690:	f8 01       	movw	r30, r16
     692:	ef 0d       	add	r30, r15
     694:	f1 1d       	adc	r31, r1
     696:	80 81       	ld	r24, Z
     698:	81 11       	cpse	r24, r1
     69a:	f6 cf       	rjmp	.-20     	; 0x688 <.L37>

0000069c <.L35>:
     69c:	2c 96       	adiw	r28, 0x0c	; 12
     69e:	0f b6       	in	r0, 0x3f	; 63
     6a0:	f8 94       	cli
     6a2:	de bf       	out	0x3e, r29	; 62
     6a4:	0f be       	out	0x3f, r0	; 63
     6a6:	cd bf       	out	0x3d, r28	; 61
     6a8:	df 91       	pop	r29
     6aa:	cf 91       	pop	r28
     6ac:	1f 91       	pop	r17
     6ae:	0f 91       	pop	r16
     6b0:	ff 90       	pop	r15
     6b2:	08 95       	ret

000006b4 <Led_Init>:
     6b4:	41 e0       	ldi	r20, 0x01	; 1
     6b6:	0c 94 bd 06 	jmp	0xd7a	; 0xd7a <DIO_InitPin>

000006ba <Led_on>:
     6ba:	41 30       	cpi	r20, 0x01	; 1
     6bc:	21 f0       	breq	.+8      	; 0x6c6 <.L6>
     6be:	42 30       	cpi	r20, 0x02	; 2
     6c0:	09 f0       	breq	.+2      	; 0x6c4 <.L7>
     6c2:	08 95       	ret

000006c4 <.L7>:
     6c4:	40 e0       	ldi	r20, 0x00	; 0

000006c6 <.L6>:
     6c6:	0c 94 0b 07 	jmp	0xe16	; 0xe16 <DIO_WritePin>

000006ca <Led_off>:
     6ca:	41 30       	cpi	r20, 0x01	; 1
     6cc:	19 f0       	breq	.+6      	; 0x6d4 <.L11>
     6ce:	42 30       	cpi	r20, 0x02	; 2
     6d0:	21 f0       	breq	.+8      	; 0x6da <.L12>
     6d2:	08 95       	ret

000006d4 <.L11>:
     6d4:	40 e0       	ldi	r20, 0x00	; 0
     6d6:	0c 94 0b 07 	jmp	0xe16	; 0xe16 <DIO_WritePin>

000006da <.L12>:
     6da:	41 e0       	ldi	r20, 0x01	; 1
     6dc:	0c 94 0b 07 	jmp	0xe16	; 0xe16 <DIO_WritePin>

000006e0 <RFID_Init>:
     6e0:	cf 93       	push	r28
     6e2:	df 93       	push	r29
     6e4:	0f 92       	push	r0
     6e6:	cd b7       	in	r28, 0x3d	; 61
     6e8:	de b7       	in	r29, 0x3e	; 62
     6ea:	41 e0       	ldi	r20, 0x01	; 1
     6ec:	62 e0       	ldi	r22, 0x02	; 2
     6ee:	81 e0       	ldi	r24, 0x01	; 1
     6f0:	0e 94 0b 07 	call	0xe16	; 0xe16 <DIO_WritePin>
     6f4:	41 e0       	ldi	r20, 0x01	; 1
     6f6:	62 e0       	ldi	r22, 0x02	; 2
     6f8:	83 e0       	ldi	r24, 0x03	; 3
     6fa:	0e 94 0b 07 	call	0xe16	; 0xe16 <DIO_WritePin>
     6fe:	41 e0       	ldi	r20, 0x01	; 1
     700:	62 e0       	ldi	r22, 0x02	; 2
     702:	81 e0       	ldi	r24, 0x01	; 1
     704:	0e 94 0b 07 	call	0xe16	; 0xe16 <DIO_WritePin>
     708:	40 e0       	ldi	r20, 0x00	; 0
     70a:	62 e0       	ldi	r22, 0x02	; 2
     70c:	83 e0       	ldi	r24, 0x03	; 3
     70e:	0e 94 0b 07 	call	0xe16	; 0xe16 <DIO_WritePin>
     712:	8f e0       	ldi	r24, 0x0F	; 15
     714:	97 e2       	ldi	r25, 0x27	; 39

00000716 <.L1^B1>:
     716:	01 97       	sbiw	r24, 0x01	; 1
     718:	f1 f7       	brne	.-4      	; 0x716 <.L1^B1>
     71a:	00 c0       	rjmp	.+0      	; 0x71c <L0^A>

0000071c <L0^A>:
     71c:	00 00       	nop
     71e:	41 e0       	ldi	r20, 0x01	; 1
     720:	62 e0       	ldi	r22, 0x02	; 2
     722:	83 e0       	ldi	r24, 0x03	; 3
     724:	0e 94 0b 07 	call	0xe16	; 0xe16 <DIO_WritePin>
     728:	9f e7       	ldi	r25, 0x7F	; 127
     72a:	28 e3       	ldi	r18, 0x38	; 56
     72c:	81 e0       	ldi	r24, 0x01	; 1

0000072e <.L1^B2>:
     72e:	91 50       	subi	r25, 0x01	; 1
     730:	20 40       	sbci	r18, 0x00	; 0
     732:	80 40       	sbci	r24, 0x00	; 0
     734:	e1 f7       	brne	.-8      	; 0x72e <.L1^B2>
     736:	00 c0       	rjmp	.+0      	; 0x738 <L0^A>

00000738 <L0^A>:
     738:	00 00       	nop
     73a:	40 e0       	ldi	r20, 0x00	; 0
     73c:	62 e0       	ldi	r22, 0x02	; 2
     73e:	81 e0       	ldi	r24, 0x01	; 1
     740:	0e 94 0b 07 	call	0xe16	; 0xe16 <DIO_WritePin>
     744:	82 e0       	ldi	r24, 0x02	; 2
     746:	0e 94 b7 09 	call	0x136e	; 0x136e <SPI_Transfer>
     74a:	8f e0       	ldi	r24, 0x0F	; 15
     74c:	0e 94 b7 09 	call	0x136e	; 0x136e <SPI_Transfer>
     750:	41 e0       	ldi	r20, 0x01	; 1
     752:	62 e0       	ldi	r22, 0x02	; 2
     754:	81 e0       	ldi	r24, 0x01	; 1
     756:	0e 94 0b 07 	call	0xe16	; 0xe16 <DIO_WritePin>
     75a:	9f e7       	ldi	r25, 0x7F	; 127
     75c:	28 e3       	ldi	r18, 0x38	; 56
     75e:	81 e0       	ldi	r24, 0x01	; 1

00000760 <.L1^B3>:
     760:	91 50       	subi	r25, 0x01	; 1
     762:	20 40       	sbci	r18, 0x00	; 0
     764:	80 40       	sbci	r24, 0x00	; 0
     766:	e1 f7       	brne	.-8      	; 0x760 <.L1^B3>
     768:	00 c0       	rjmp	.+0      	; 0x76a <L0^A>

0000076a <L0^A>:
     76a:	00 00       	nop
     76c:	40 e0       	ldi	r20, 0x00	; 0
     76e:	62 e0       	ldi	r22, 0x02	; 2
     770:	81 e0       	ldi	r24, 0x01	; 1
     772:	0e 94 0b 07 	call	0xe16	; 0xe16 <DIO_WritePin>
     776:	84 e5       	ldi	r24, 0x54	; 84
     778:	0e 94 b7 09 	call	0x136e	; 0x136e <SPI_Transfer>
     77c:	8d e8       	ldi	r24, 0x8D	; 141
     77e:	0e 94 b7 09 	call	0x136e	; 0x136e <SPI_Transfer>
     782:	41 e0       	ldi	r20, 0x01	; 1
     784:	62 e0       	ldi	r22, 0x02	; 2
     786:	81 e0       	ldi	r24, 0x01	; 1
     788:	0e 94 0b 07 	call	0xe16	; 0xe16 <DIO_WritePin>
     78c:	40 e0       	ldi	r20, 0x00	; 0
     78e:	62 e0       	ldi	r22, 0x02	; 2
     790:	81 e0       	ldi	r24, 0x01	; 1
     792:	0e 94 0b 07 	call	0xe16	; 0xe16 <DIO_WritePin>
     796:	86 e5       	ldi	r24, 0x56	; 86
     798:	0e 94 b7 09 	call	0x136e	; 0x136e <SPI_Transfer>
     79c:	8e e3       	ldi	r24, 0x3E	; 62
     79e:	0e 94 b7 09 	call	0x136e	; 0x136e <SPI_Transfer>
     7a2:	41 e0       	ldi	r20, 0x01	; 1
     7a4:	62 e0       	ldi	r22, 0x02	; 2
     7a6:	81 e0       	ldi	r24, 0x01	; 1
     7a8:	0e 94 0b 07 	call	0xe16	; 0xe16 <DIO_WritePin>
     7ac:	40 e0       	ldi	r20, 0x00	; 0
     7ae:	62 e0       	ldi	r22, 0x02	; 2
     7b0:	81 e0       	ldi	r24, 0x01	; 1
     7b2:	0e 94 0b 07 	call	0xe16	; 0xe16 <DIO_WritePin>
     7b6:	8a e5       	ldi	r24, 0x5A	; 90
     7b8:	0e 94 b7 09 	call	0x136e	; 0x136e <SPI_Transfer>
     7bc:	8e e1       	ldi	r24, 0x1E	; 30
     7be:	0e 94 b7 09 	call	0x136e	; 0x136e <SPI_Transfer>
     7c2:	41 e0       	ldi	r20, 0x01	; 1
     7c4:	62 e0       	ldi	r22, 0x02	; 2
     7c6:	81 e0       	ldi	r24, 0x01	; 1
     7c8:	0e 94 0b 07 	call	0xe16	; 0xe16 <DIO_WritePin>
     7cc:	40 e0       	ldi	r20, 0x00	; 0
     7ce:	62 e0       	ldi	r22, 0x02	; 2
     7d0:	81 e0       	ldi	r24, 0x01	; 1
     7d2:	0e 94 0b 07 	call	0xe16	; 0xe16 <DIO_WritePin>
     7d6:	88 e5       	ldi	r24, 0x58	; 88
     7d8:	0e 94 b7 09 	call	0x136e	; 0x136e <SPI_Transfer>
     7dc:	80 e0       	ldi	r24, 0x00	; 0
     7de:	0e 94 b7 09 	call	0x136e	; 0x136e <SPI_Transfer>
     7e2:	41 e0       	ldi	r20, 0x01	; 1
     7e4:	62 e0       	ldi	r22, 0x02	; 2
     7e6:	81 e0       	ldi	r24, 0x01	; 1
     7e8:	0e 94 0b 07 	call	0xe16	; 0xe16 <DIO_WritePin>
     7ec:	40 e0       	ldi	r20, 0x00	; 0
     7ee:	62 e0       	ldi	r22, 0x02	; 2
     7f0:	81 e0       	ldi	r24, 0x01	; 1
     7f2:	0e 94 0b 07 	call	0xe16	; 0xe16 <DIO_WritePin>
     7f6:	8a e2       	ldi	r24, 0x2A	; 42
     7f8:	0e 94 b7 09 	call	0x136e	; 0x136e <SPI_Transfer>
     7fc:	80 e4       	ldi	r24, 0x40	; 64
     7fe:	0e 94 b7 09 	call	0x136e	; 0x136e <SPI_Transfer>
     802:	41 e0       	ldi	r20, 0x01	; 1
     804:	62 e0       	ldi	r22, 0x02	; 2
     806:	81 e0       	ldi	r24, 0x01	; 1
     808:	0e 94 0b 07 	call	0xe16	; 0xe16 <DIO_WritePin>
     80c:	40 e0       	ldi	r20, 0x00	; 0
     80e:	62 e0       	ldi	r22, 0x02	; 2
     810:	81 e0       	ldi	r24, 0x01	; 1
     812:	0e 94 0b 07 	call	0xe16	; 0xe16 <DIO_WritePin>
     816:	82 e2       	ldi	r24, 0x22	; 34
     818:	0e 94 b7 09 	call	0x136e	; 0x136e <SPI_Transfer>
     81c:	83 e0       	ldi	r24, 0x03	; 3
     81e:	0e 94 b7 09 	call	0x136e	; 0x136e <SPI_Transfer>
     822:	41 e0       	ldi	r20, 0x01	; 1
     824:	62 e0       	ldi	r22, 0x02	; 2
     826:	81 e0       	ldi	r24, 0x01	; 1
     828:	0e 94 0b 07 	call	0xe16	; 0xe16 <DIO_WritePin>
     82c:	40 e0       	ldi	r20, 0x00	; 0
     82e:	62 e0       	ldi	r22, 0x02	; 2
     830:	81 e0       	ldi	r24, 0x01	; 1
     832:	0e 94 0b 07 	call	0xe16	; 0xe16 <DIO_WritePin>
     836:	88 ea       	ldi	r24, 0xA8	; 168
     838:	0e 94 b7 09 	call	0x136e	; 0x136e <SPI_Transfer>
     83c:	80 e0       	ldi	r24, 0x00	; 0
     83e:	0e 94 b7 09 	call	0x136e	; 0x136e <SPI_Transfer>
     842:	89 83       	std	Y+1, r24	; 0x01
     844:	41 e0       	ldi	r20, 0x01	; 1
     846:	62 e0       	ldi	r22, 0x02	; 2
     848:	81 e0       	ldi	r24, 0x01	; 1
     84a:	0e 94 0b 07 	call	0xe16	; 0xe16 <DIO_WritePin>
     84e:	89 81       	ldd	r24, Y+1	; 0x01
     850:	83 70       	andi	r24, 0x03	; 3
     852:	21 f0       	breq	.+8      	; 0x85c <.L4>
     854:	0f 90       	pop	r0
     856:	df 91       	pop	r29
     858:	cf 91       	pop	r28
     85a:	08 95       	ret

0000085c <.L4>:
     85c:	40 e0       	ldi	r20, 0x00	; 0
     85e:	62 e0       	ldi	r22, 0x02	; 2
     860:	81 e0       	ldi	r24, 0x01	; 1
     862:	0e 94 0b 07 	call	0xe16	; 0xe16 <DIO_WritePin>
     866:	88 e2       	ldi	r24, 0x28	; 40
     868:	0e 94 b7 09 	call	0x136e	; 0x136e <SPI_Transfer>
     86c:	89 81       	ldd	r24, Y+1	; 0x01
     86e:	83 60       	ori	r24, 0x03	; 3
     870:	0e 94 b7 09 	call	0x136e	; 0x136e <SPI_Transfer>
     874:	41 e0       	ldi	r20, 0x01	; 1
     876:	62 e0       	ldi	r22, 0x02	; 2
     878:	81 e0       	ldi	r24, 0x01	; 1
     87a:	0f 90       	pop	r0
     87c:	df 91       	pop	r29
     87e:	cf 91       	pop	r28
     880:	0c 94 0b 07 	jmp	0xe16	; 0xe16 <DIO_WritePin>

00000884 <RFID_WriteRegister>:
     884:	cf 93       	push	r28
     886:	df 93       	push	r29
     888:	00 d0       	rcall	.+0      	; 0x88a <L0^A>

0000088a <L0^A>:
     88a:	cd b7       	in	r28, 0x3d	; 61
     88c:	de b7       	in	r29, 0x3e	; 62
     88e:	89 83       	std	Y+1, r24	; 0x01
     890:	6a 83       	std	Y+2, r22	; 0x02
     892:	40 e0       	ldi	r20, 0x00	; 0
     894:	62 e0       	ldi	r22, 0x02	; 2
     896:	81 e0       	ldi	r24, 0x01	; 1
     898:	0e 94 0b 07 	call	0xe16	; 0xe16 <DIO_WritePin>
     89c:	89 81       	ldd	r24, Y+1	; 0x01
     89e:	88 0f       	add	r24, r24
     8a0:	8e 77       	andi	r24, 0x7E	; 126
     8a2:	0e 94 b7 09 	call	0x136e	; 0x136e <SPI_Transfer>
     8a6:	8a 81       	ldd	r24, Y+2	; 0x02
     8a8:	0e 94 b7 09 	call	0x136e	; 0x136e <SPI_Transfer>
     8ac:	41 e0       	ldi	r20, 0x01	; 1
     8ae:	62 e0       	ldi	r22, 0x02	; 2
     8b0:	81 e0       	ldi	r24, 0x01	; 1
     8b2:	0f 90       	pop	r0
     8b4:	0f 90       	pop	r0
     8b6:	df 91       	pop	r29
     8b8:	cf 91       	pop	r28
     8ba:	0c 94 0b 07 	jmp	0xe16	; 0xe16 <DIO_WritePin>

000008be <RFID_ReadRegister>:
     8be:	cf 93       	push	r28
     8c0:	df 93       	push	r29
     8c2:	0f 92       	push	r0
     8c4:	cd b7       	in	r28, 0x3d	; 61
     8c6:	de b7       	in	r29, 0x3e	; 62
     8c8:	89 83       	std	Y+1, r24	; 0x01
     8ca:	40 e0       	ldi	r20, 0x00	; 0
     8cc:	62 e0       	ldi	r22, 0x02	; 2
     8ce:	81 e0       	ldi	r24, 0x01	; 1
     8d0:	0e 94 0b 07 	call	0xe16	; 0xe16 <DIO_WritePin>
     8d4:	89 81       	ldd	r24, Y+1	; 0x01
     8d6:	88 0f       	add	r24, r24
     8d8:	8e 77       	andi	r24, 0x7E	; 126
     8da:	80 68       	ori	r24, 0x80	; 128
     8dc:	0e 94 b7 09 	call	0x136e	; 0x136e <SPI_Transfer>
     8e0:	80 e0       	ldi	r24, 0x00	; 0
     8e2:	0e 94 b7 09 	call	0x136e	; 0x136e <SPI_Transfer>
     8e6:	89 83       	std	Y+1, r24	; 0x01
     8e8:	41 e0       	ldi	r20, 0x01	; 1
     8ea:	62 e0       	ldi	r22, 0x02	; 2
     8ec:	81 e0       	ldi	r24, 0x01	; 1
     8ee:	0e 94 0b 07 	call	0xe16	; 0xe16 <DIO_WritePin>
     8f2:	89 81       	ldd	r24, Y+1	; 0x01
     8f4:	0f 90       	pop	r0
     8f6:	df 91       	pop	r29
     8f8:	cf 91       	pop	r28
     8fa:	08 95       	ret

000008fc <RFID_GetUID>:
     8fc:	cf 93       	push	r28
     8fe:	df 93       	push	r29
     900:	00 d0       	rcall	.+0      	; 0x902 <L0^A>

00000902 <L0^A>:
     902:	00 d0       	rcall	.+0      	; 0x904 <L0^A>

00000904 <L0^A>:
     904:	00 d0       	rcall	.+0      	; 0x906 <L0^A>

00000906 <L0^A>:
     906:	0f 92       	push	r0
     908:	cd b7       	in	r28, 0x3d	; 61
     90a:	de b7       	in	r29, 0x3e	; 62
     90c:	89 83       	std	Y+1, r24	; 0x01
     90e:	9a 83       	std	Y+2, r25	; 0x02
     910:	40 e0       	ldi	r20, 0x00	; 0
     912:	62 e0       	ldi	r22, 0x02	; 2
     914:	81 e0       	ldi	r24, 0x01	; 1
     916:	0e 94 0b 07 	call	0xe16	; 0xe16 <DIO_WritePin>
     91a:	84 e0       	ldi	r24, 0x04	; 4
     91c:	0e 94 b7 09 	call	0x136e	; 0x136e <SPI_Transfer>
     920:	81 e3       	ldi	r24, 0x31	; 49
     922:	0e 94 b7 09 	call	0x136e	; 0x136e <SPI_Transfer>
     926:	41 e0       	ldi	r20, 0x01	; 1
     928:	62 e0       	ldi	r22, 0x02	; 2
     92a:	81 e0       	ldi	r24, 0x01	; 1
     92c:	0e 94 0b 07 	call	0xe16	; 0xe16 <DIO_WritePin>
     930:	40 e0       	ldi	r20, 0x00	; 0
     932:	62 e0       	ldi	r22, 0x02	; 2
     934:	81 e0       	ldi	r24, 0x01	; 1
     936:	0e 94 0b 07 	call	0xe16	; 0xe16 <DIO_WritePin>
     93a:	88 e0       	ldi	r24, 0x08	; 8
     93c:	0e 94 b7 09 	call	0x136e	; 0x136e <SPI_Transfer>
     940:	8f e7       	ldi	r24, 0x7F	; 127
     942:	0e 94 b7 09 	call	0x136e	; 0x136e <SPI_Transfer>
     946:	41 e0       	ldi	r20, 0x01	; 1
     948:	62 e0       	ldi	r22, 0x02	; 2
     94a:	81 e0       	ldi	r24, 0x01	; 1
     94c:	0e 94 0b 07 	call	0xe16	; 0xe16 <DIO_WritePin>
     950:	40 e0       	ldi	r20, 0x00	; 0
     952:	62 e0       	ldi	r22, 0x02	; 2
     954:	81 e0       	ldi	r24, 0x01	; 1
     956:	0e 94 0b 07 	call	0xe16	; 0xe16 <DIO_WritePin>
     95a:	82 e0       	ldi	r24, 0x02	; 2
     95c:	0e 94 b7 09 	call	0x136e	; 0x136e <SPI_Transfer>
     960:	80 e0       	ldi	r24, 0x00	; 0
     962:	0e 94 b7 09 	call	0x136e	; 0x136e <SPI_Transfer>
     966:	41 e0       	ldi	r20, 0x01	; 1
     968:	62 e0       	ldi	r22, 0x02	; 2
     96a:	81 e0       	ldi	r24, 0x01	; 1
     96c:	0e 94 0b 07 	call	0xe16	; 0xe16 <DIO_WritePin>
     970:	40 e0       	ldi	r20, 0x00	; 0
     972:	62 e0       	ldi	r22, 0x02	; 2
     974:	81 e0       	ldi	r24, 0x01	; 1
     976:	0e 94 0b 07 	call	0xe16	; 0xe16 <DIO_WritePin>
     97a:	84 e1       	ldi	r24, 0x14	; 20
     97c:	0e 94 b7 09 	call	0x136e	; 0x136e <SPI_Transfer>
     980:	80 e1       	ldi	r24, 0x10	; 16
     982:	0e 94 b7 09 	call	0x136e	; 0x136e <SPI_Transfer>
     986:	41 e0       	ldi	r20, 0x01	; 1
     988:	62 e0       	ldi	r22, 0x02	; 2
     98a:	81 e0       	ldi	r24, 0x01	; 1
     98c:	0e 94 0b 07 	call	0xe16	; 0xe16 <DIO_WritePin>
     990:	40 e0       	ldi	r20, 0x00	; 0
     992:	62 e0       	ldi	r22, 0x02	; 2
     994:	81 e0       	ldi	r24, 0x01	; 1
     996:	0e 94 0b 07 	call	0xe16	; 0xe16 <DIO_WritePin>
     99a:	82 e1       	ldi	r24, 0x12	; 18
     99c:	0e 94 b7 09 	call	0x136e	; 0x136e <SPI_Transfer>
     9a0:	86 e2       	ldi	r24, 0x26	; 38
     9a2:	0e 94 b7 09 	call	0x136e	; 0x136e <SPI_Transfer>
     9a6:	41 e0       	ldi	r20, 0x01	; 1
     9a8:	62 e0       	ldi	r22, 0x02	; 2
     9aa:	81 e0       	ldi	r24, 0x01	; 1
     9ac:	0e 94 0b 07 	call	0xe16	; 0xe16 <DIO_WritePin>
     9b0:	40 e0       	ldi	r20, 0x00	; 0
     9b2:	62 e0       	ldi	r22, 0x02	; 2
     9b4:	81 e0       	ldi	r24, 0x01	; 1
     9b6:	0e 94 0b 07 	call	0xe16	; 0xe16 <DIO_WritePin>
     9ba:	8a e1       	ldi	r24, 0x1A	; 26
     9bc:	0e 94 b7 09 	call	0x136e	; 0x136e <SPI_Transfer>
     9c0:	87 e0       	ldi	r24, 0x07	; 7
     9c2:	0e 94 b7 09 	call	0x136e	; 0x136e <SPI_Transfer>
     9c6:	41 e0       	ldi	r20, 0x01	; 1
     9c8:	62 e0       	ldi	r22, 0x02	; 2
     9ca:	81 e0       	ldi	r24, 0x01	; 1
     9cc:	0e 94 0b 07 	call	0xe16	; 0xe16 <DIO_WritePin>
     9d0:	40 e0       	ldi	r20, 0x00	; 0
     9d2:	62 e0       	ldi	r22, 0x02	; 2
     9d4:	81 e0       	ldi	r24, 0x01	; 1
     9d6:	0e 94 0b 07 	call	0xe16	; 0xe16 <DIO_WritePin>
     9da:	82 e0       	ldi	r24, 0x02	; 2
     9dc:	0e 94 b7 09 	call	0x136e	; 0x136e <SPI_Transfer>
     9e0:	8c e0       	ldi	r24, 0x0C	; 12
     9e2:	0e 94 b7 09 	call	0x136e	; 0x136e <SPI_Transfer>
     9e6:	41 e0       	ldi	r20, 0x01	; 1
     9e8:	62 e0       	ldi	r22, 0x02	; 2
     9ea:	81 e0       	ldi	r24, 0x01	; 1
     9ec:	0e 94 0b 07 	call	0xe16	; 0xe16 <DIO_WritePin>
     9f0:	40 e0       	ldi	r20, 0x00	; 0
     9f2:	62 e0       	ldi	r22, 0x02	; 2
     9f4:	81 e0       	ldi	r24, 0x01	; 1
     9f6:	0e 94 0b 07 	call	0xe16	; 0xe16 <DIO_WritePin>
     9fa:	8a e1       	ldi	r24, 0x1A	; 26
     9fc:	0e 94 b7 09 	call	0x136e	; 0x136e <SPI_Transfer>
     a00:	87 e8       	ldi	r24, 0x87	; 135
     a02:	0e 94 b7 09 	call	0x136e	; 0x136e <SPI_Transfer>
     a06:	41 e0       	ldi	r20, 0x01	; 1
     a08:	62 e0       	ldi	r22, 0x02	; 2
     a0a:	81 e0       	ldi	r24, 0x01	; 1
     a0c:	0e 94 0b 07 	call	0xe16	; 0xe16 <DIO_WritePin>
     a10:	1c 82       	std	Y+4, r1	; 0x04
     a12:	0d c0       	rjmp	.+26     	; 0xa2e <.L11>

00000a14 <.L24>:
     a14:	20 fd       	sbrc	r18, 0
     a16:	45 c0       	rjmp	.+138    	; 0xaa2 <.L12>
     a18:	8f ec       	ldi	r24, 0xCF	; 207
     a1a:	97 e0       	ldi	r25, 0x07	; 7

00000a1c <.L1^B4>:
     a1c:	01 97       	sbiw	r24, 0x01	; 1
     a1e:	f1 f7       	brne	.-4      	; 0xa1c <.L1^B4>
     a20:	00 c0       	rjmp	.+0      	; 0xa22 <L0^A>

00000a22 <L0^A>:
     a22:	00 00       	nop
     a24:	9c 81       	ldd	r25, Y+4	; 0x04
     a26:	9f 5f       	subi	r25, 0xFF	; 255
     a28:	9c 83       	std	Y+4, r25	; 0x04
     a2a:	94 36       	cpi	r25, 0x64	; 100
     a2c:	d1 f1       	breq	.+116    	; 0xaa2 <.L12>

00000a2e <.L11>:
     a2e:	40 e0       	ldi	r20, 0x00	; 0
     a30:	62 e0       	ldi	r22, 0x02	; 2
     a32:	81 e0       	ldi	r24, 0x01	; 1
     a34:	0e 94 0b 07 	call	0xe16	; 0xe16 <DIO_WritePin>
     a38:	88 e8       	ldi	r24, 0x88	; 136
     a3a:	0e 94 b7 09 	call	0x136e	; 0x136e <SPI_Transfer>
     a3e:	80 e0       	ldi	r24, 0x00	; 0
     a40:	0e 94 b7 09 	call	0x136e	; 0x136e <SPI_Transfer>
     a44:	8b 83       	std	Y+3, r24	; 0x03
     a46:	41 e0       	ldi	r20, 0x01	; 1
     a48:	62 e0       	ldi	r22, 0x02	; 2
     a4a:	81 e0       	ldi	r24, 0x01	; 1
     a4c:	0e 94 0b 07 	call	0xe16	; 0xe16 <DIO_WritePin>
     a50:	2b 81       	ldd	r18, Y+3	; 0x03
     a52:	25 ff       	sbrs	r18, 5
     a54:	df cf       	rjmp	.-66     	; 0xa14 <.L24>
     a56:	40 e0       	ldi	r20, 0x00	; 0
     a58:	62 e0       	ldi	r22, 0x02	; 2
     a5a:	81 e0       	ldi	r24, 0x01	; 1
     a5c:	0e 94 0b 07 	call	0xe16	; 0xe16 <DIO_WritePin>
     a60:	8a e1       	ldi	r24, 0x1A	; 26
     a62:	0e 94 b7 09 	call	0x136e	; 0x136e <SPI_Transfer>
     a66:	87 e0       	ldi	r24, 0x07	; 7
     a68:	0e 94 b7 09 	call	0x136e	; 0x136e <SPI_Transfer>
     a6c:	41 e0       	ldi	r20, 0x01	; 1
     a6e:	62 e0       	ldi	r22, 0x02	; 2
     a70:	81 e0       	ldi	r24, 0x01	; 1
     a72:	0e 94 0b 07 	call	0xe16	; 0xe16 <DIO_WritePin>
     a76:	40 e0       	ldi	r20, 0x00	; 0
     a78:	62 e0       	ldi	r22, 0x02	; 2
     a7a:	81 e0       	ldi	r24, 0x01	; 1
     a7c:	0e 94 0b 07 	call	0xe16	; 0xe16 <DIO_WritePin>
     a80:	8c e8       	ldi	r24, 0x8C	; 140
     a82:	0e 94 b7 09 	call	0x136e	; 0x136e <SPI_Transfer>
     a86:	80 e0       	ldi	r24, 0x00	; 0
     a88:	0e 94 b7 09 	call	0x136e	; 0x136e <SPI_Transfer>
     a8c:	8b 83       	std	Y+3, r24	; 0x03
     a8e:	41 e0       	ldi	r20, 0x01	; 1
     a90:	62 e0       	ldi	r22, 0x02	; 2
     a92:	81 e0       	ldi	r24, 0x01	; 1
     a94:	0e 94 0b 07 	call	0xe16	; 0xe16 <DIO_WritePin>
     a98:	3b 81       	ldd	r19, Y+3	; 0x03
     a9a:	3b 71       	andi	r19, 0x1B	; 27
     a9c:	3b 83       	std	Y+3, r19	; 0x03
     a9e:	31 15       	cp	r19, r1
     aa0:	51 f0       	breq	.+20     	; 0xab6 <.L25>

00000aa2 <.L12>:
     aa2:	80 e0       	ldi	r24, 0x00	; 0

00000aa4 <.L7>:
     aa4:	27 96       	adiw	r28, 0x07	; 7
     aa6:	0f b6       	in	r0, 0x3f	; 63
     aa8:	f8 94       	cli
     aaa:	de bf       	out	0x3e, r29	; 62
     aac:	0f be       	out	0x3f, r0	; 63
     aae:	cd bf       	out	0x3d, r28	; 61
     ab0:	df 91       	pop	r29
     ab2:	cf 91       	pop	r28
     ab4:	08 95       	ret

00000ab6 <.L25>:
     ab6:	40 e0       	ldi	r20, 0x00	; 0
     ab8:	62 e0       	ldi	r22, 0x02	; 2
     aba:	81 e0       	ldi	r24, 0x01	; 1
     abc:	0e 94 0b 07 	call	0xe16	; 0xe16 <DIO_WritePin>
     ac0:	84 e1       	ldi	r24, 0x14	; 20
     ac2:	0e 94 b7 09 	call	0x136e	; 0x136e <SPI_Transfer>
     ac6:	80 e1       	ldi	r24, 0x10	; 16
     ac8:	0e 94 b7 09 	call	0x136e	; 0x136e <SPI_Transfer>
     acc:	41 e0       	ldi	r20, 0x01	; 1
     ace:	62 e0       	ldi	r22, 0x02	; 2
     ad0:	81 e0       	ldi	r24, 0x01	; 1
     ad2:	0e 94 0b 07 	call	0xe16	; 0xe16 <DIO_WritePin>
     ad6:	40 e0       	ldi	r20, 0x00	; 0
     ad8:	62 e0       	ldi	r22, 0x02	; 2
     ada:	81 e0       	ldi	r24, 0x01	; 1
     adc:	0e 94 0b 07 	call	0xe16	; 0xe16 <DIO_WritePin>
     ae0:	88 e0       	ldi	r24, 0x08	; 8
     ae2:	0e 94 b7 09 	call	0x136e	; 0x136e <SPI_Transfer>
     ae6:	8f e7       	ldi	r24, 0x7F	; 127
     ae8:	0e 94 b7 09 	call	0x136e	; 0x136e <SPI_Transfer>
     aec:	41 e0       	ldi	r20, 0x01	; 1
     aee:	62 e0       	ldi	r22, 0x02	; 2
     af0:	81 e0       	ldi	r24, 0x01	; 1
     af2:	0e 94 0b 07 	call	0xe16	; 0xe16 <DIO_WritePin>
     af6:	40 e0       	ldi	r20, 0x00	; 0
     af8:	62 e0       	ldi	r22, 0x02	; 2
     afa:	81 e0       	ldi	r24, 0x01	; 1
     afc:	0e 94 0b 07 	call	0xe16	; 0xe16 <DIO_WritePin>
     b00:	82 e0       	ldi	r24, 0x02	; 2
     b02:	0e 94 b7 09 	call	0x136e	; 0x136e <SPI_Transfer>
     b06:	80 e0       	ldi	r24, 0x00	; 0
     b08:	0e 94 b7 09 	call	0x136e	; 0x136e <SPI_Transfer>
     b0c:	41 e0       	ldi	r20, 0x01	; 1
     b0e:	62 e0       	ldi	r22, 0x02	; 2
     b10:	81 e0       	ldi	r24, 0x01	; 1
     b12:	0e 94 0b 07 	call	0xe16	; 0xe16 <DIO_WritePin>
     b16:	40 e0       	ldi	r20, 0x00	; 0
     b18:	62 e0       	ldi	r22, 0x02	; 2
     b1a:	81 e0       	ldi	r24, 0x01	; 1
     b1c:	0e 94 0b 07 	call	0xe16	; 0xe16 <DIO_WritePin>
     b20:	82 e1       	ldi	r24, 0x12	; 18
     b22:	0e 94 b7 09 	call	0x136e	; 0x136e <SPI_Transfer>
     b26:	83 e9       	ldi	r24, 0x93	; 147
     b28:	0e 94 b7 09 	call	0x136e	; 0x136e <SPI_Transfer>
     b2c:	41 e0       	ldi	r20, 0x01	; 1
     b2e:	62 e0       	ldi	r22, 0x02	; 2
     b30:	81 e0       	ldi	r24, 0x01	; 1
     b32:	0e 94 0b 07 	call	0xe16	; 0xe16 <DIO_WritePin>
     b36:	40 e0       	ldi	r20, 0x00	; 0
     b38:	62 e0       	ldi	r22, 0x02	; 2
     b3a:	81 e0       	ldi	r24, 0x01	; 1
     b3c:	0e 94 0b 07 	call	0xe16	; 0xe16 <DIO_WritePin>
     b40:	82 e1       	ldi	r24, 0x12	; 18
     b42:	0e 94 b7 09 	call	0x136e	; 0x136e <SPI_Transfer>
     b46:	80 e2       	ldi	r24, 0x20	; 32
     b48:	0e 94 b7 09 	call	0x136e	; 0x136e <SPI_Transfer>
     b4c:	41 e0       	ldi	r20, 0x01	; 1
     b4e:	62 e0       	ldi	r22, 0x02	; 2
     b50:	81 e0       	ldi	r24, 0x01	; 1
     b52:	0e 94 0b 07 	call	0xe16	; 0xe16 <DIO_WritePin>
     b56:	40 e0       	ldi	r20, 0x00	; 0
     b58:	62 e0       	ldi	r22, 0x02	; 2
     b5a:	81 e0       	ldi	r24, 0x01	; 1
     b5c:	0e 94 0b 07 	call	0xe16	; 0xe16 <DIO_WritePin>
     b60:	8a e1       	ldi	r24, 0x1A	; 26
     b62:	0e 94 b7 09 	call	0x136e	; 0x136e <SPI_Transfer>
     b66:	80 e0       	ldi	r24, 0x00	; 0
     b68:	0e 94 b7 09 	call	0x136e	; 0x136e <SPI_Transfer>
     b6c:	41 e0       	ldi	r20, 0x01	; 1
     b6e:	62 e0       	ldi	r22, 0x02	; 2
     b70:	81 e0       	ldi	r24, 0x01	; 1
     b72:	0e 94 0b 07 	call	0xe16	; 0xe16 <DIO_WritePin>
     b76:	40 e0       	ldi	r20, 0x00	; 0
     b78:	62 e0       	ldi	r22, 0x02	; 2
     b7a:	81 e0       	ldi	r24, 0x01	; 1
     b7c:	0e 94 0b 07 	call	0xe16	; 0xe16 <DIO_WritePin>
     b80:	82 e0       	ldi	r24, 0x02	; 2
     b82:	0e 94 b7 09 	call	0x136e	; 0x136e <SPI_Transfer>
     b86:	8c e0       	ldi	r24, 0x0C	; 12
     b88:	0e 94 b7 09 	call	0x136e	; 0x136e <SPI_Transfer>
     b8c:	41 e0       	ldi	r20, 0x01	; 1
     b8e:	62 e0       	ldi	r22, 0x02	; 2
     b90:	81 e0       	ldi	r24, 0x01	; 1
     b92:	0e 94 0b 07 	call	0xe16	; 0xe16 <DIO_WritePin>
     b96:	40 e0       	ldi	r20, 0x00	; 0
     b98:	62 e0       	ldi	r22, 0x02	; 2
     b9a:	81 e0       	ldi	r24, 0x01	; 1
     b9c:	0e 94 0b 07 	call	0xe16	; 0xe16 <DIO_WritePin>
     ba0:	8a e1       	ldi	r24, 0x1A	; 26
     ba2:	0e 94 b7 09 	call	0x136e	; 0x136e <SPI_Transfer>
     ba6:	80 e8       	ldi	r24, 0x80	; 128
     ba8:	0e 94 b7 09 	call	0x136e	; 0x136e <SPI_Transfer>
     bac:	41 e0       	ldi	r20, 0x01	; 1
     bae:	62 e0       	ldi	r22, 0x02	; 2
     bb0:	81 e0       	ldi	r24, 0x01	; 1
     bb2:	0e 94 0b 07 	call	0xe16	; 0xe16 <DIO_WritePin>
     bb6:	0e c0       	rjmp	.+28     	; 0xbd4 <.L14>

00000bb8 <.L26>:
     bb8:	e0 fd       	sbrc	r30, 0
     bba:	73 cf       	rjmp	.-282    	; 0xaa2 <.L12>
     bbc:	8f ec       	ldi	r24, 0xCF	; 207
     bbe:	97 e0       	ldi	r25, 0x07	; 7

00000bc0 <.L1^B5>:
     bc0:	01 97       	sbiw	r24, 0x01	; 1
     bc2:	f1 f7       	brne	.-4      	; 0xbc0 <.L1^B5>
     bc4:	00 c0       	rjmp	.+0      	; 0xbc6 <L0^A>

00000bc6 <L0^A>:
     bc6:	00 00       	nop
     bc8:	9b 81       	ldd	r25, Y+3	; 0x03
     bca:	9f 5f       	subi	r25, 0xFF	; 255
     bcc:	9b 83       	std	Y+3, r25	; 0x03
     bce:	94 36       	cpi	r25, 0x64	; 100
     bd0:	09 f4       	brne	.+2      	; 0xbd4 <.L14>

00000bd2 <L0^A>:
     bd2:	67 cf       	rjmp	.-306    	; 0xaa2 <.L12>

00000bd4 <.L14>:
     bd4:	40 e0       	ldi	r20, 0x00	; 0
     bd6:	62 e0       	ldi	r22, 0x02	; 2
     bd8:	81 e0       	ldi	r24, 0x01	; 1
     bda:	0e 94 0b 07 	call	0xe16	; 0xe16 <DIO_WritePin>
     bde:	88 e8       	ldi	r24, 0x88	; 136
     be0:	0e 94 b7 09 	call	0x136e	; 0x136e <SPI_Transfer>
     be4:	80 e0       	ldi	r24, 0x00	; 0
     be6:	0e 94 b7 09 	call	0x136e	; 0x136e <SPI_Transfer>
     bea:	8c 83       	std	Y+4, r24	; 0x04
     bec:	41 e0       	ldi	r20, 0x01	; 1
     bee:	62 e0       	ldi	r22, 0x02	; 2
     bf0:	81 e0       	ldi	r24, 0x01	; 1
     bf2:	0e 94 0b 07 	call	0xe16	; 0xe16 <DIO_WritePin>
     bf6:	ec 81       	ldd	r30, Y+4	; 0x04
     bf8:	e5 ff       	sbrs	r30, 5
     bfa:	de cf       	rjmp	.-68     	; 0xbb8 <.L26>
     bfc:	40 e0       	ldi	r20, 0x00	; 0
     bfe:	62 e0       	ldi	r22, 0x02	; 2
     c00:	81 e0       	ldi	r24, 0x01	; 1
     c02:	0e 94 0b 07 	call	0xe16	; 0xe16 <DIO_WritePin>
     c06:	8a e1       	ldi	r24, 0x1A	; 26
     c08:	0e 94 b7 09 	call	0x136e	; 0x136e <SPI_Transfer>
     c0c:	80 e0       	ldi	r24, 0x00	; 0
     c0e:	0e 94 b7 09 	call	0x136e	; 0x136e <SPI_Transfer>
     c12:	41 e0       	ldi	r20, 0x01	; 1
     c14:	62 e0       	ldi	r22, 0x02	; 2
     c16:	81 e0       	ldi	r24, 0x01	; 1
     c18:	0e 94 0b 07 	call	0xe16	; 0xe16 <DIO_WritePin>
     c1c:	40 e0       	ldi	r20, 0x00	; 0
     c1e:	62 e0       	ldi	r22, 0x02	; 2
     c20:	81 e0       	ldi	r24, 0x01	; 1
     c22:	0e 94 0b 07 	call	0xe16	; 0xe16 <DIO_WritePin>
     c26:	8c e8       	ldi	r24, 0x8C	; 140
     c28:	0e 94 b7 09 	call	0x136e	; 0x136e <SPI_Transfer>
     c2c:	80 e0       	ldi	r24, 0x00	; 0
     c2e:	0e 94 b7 09 	call	0x136e	; 0x136e <SPI_Transfer>
     c32:	8b 83       	std	Y+3, r24	; 0x03
     c34:	41 e0       	ldi	r20, 0x01	; 1
     c36:	62 e0       	ldi	r22, 0x02	; 2
     c38:	81 e0       	ldi	r24, 0x01	; 1
     c3a:	0e 94 0b 07 	call	0xe16	; 0xe16 <DIO_WritePin>
     c3e:	2b 81       	ldd	r18, Y+3	; 0x03
     c40:	2b 71       	andi	r18, 0x1B	; 27
     c42:	09 f0       	breq	.+2      	; 0xc46 <L0^A+0x2>

00000c44 <L0^A>:
     c44:	2e cf       	rjmp	.-420    	; 0xaa2 <.L12>
     c46:	40 e0       	ldi	r20, 0x00	; 0
     c48:	62 e0       	ldi	r22, 0x02	; 2
     c4a:	81 e0       	ldi	r24, 0x01	; 1
     c4c:	0e 94 0b 07 	call	0xe16	; 0xe16 <DIO_WritePin>
     c50:	84 e9       	ldi	r24, 0x94	; 148
     c52:	0e 94 b7 09 	call	0x136e	; 0x136e <SPI_Transfer>
     c56:	80 e0       	ldi	r24, 0x00	; 0
     c58:	0e 94 b7 09 	call	0x136e	; 0x136e <SPI_Transfer>
     c5c:	8b 83       	std	Y+3, r24	; 0x03
     c5e:	41 e0       	ldi	r20, 0x01	; 1
     c60:	62 e0       	ldi	r22, 0x02	; 2
     c62:	81 e0       	ldi	r24, 0x01	; 1
     c64:	0e 94 0b 07 	call	0xe16	; 0xe16 <DIO_WritePin>
     c68:	eb 81       	ldd	r30, Y+3	; 0x03
     c6a:	e5 30       	cpi	r30, 0x05	; 5
     c6c:	08 f4       	brcc	.+2      	; 0xc70 <L0^A+0x2>

00000c6e <L0^A>:
     c6e:	19 cf       	rjmp	.-462    	; 0xaa2 <.L12>
     c70:	29 81       	ldd	r18, Y+1	; 0x01
     c72:	3a 81       	ldd	r19, Y+2	; 0x02
     c74:	2e 83       	std	Y+6, r18	; 0x06
     c76:	3f 83       	std	Y+7, r19	; 0x07
     c78:	c9 01       	movw	r24, r18
     c7a:	04 96       	adiw	r24, 0x04	; 4
     c7c:	8c 83       	std	Y+4, r24	; 0x04
     c7e:	9d 83       	std	Y+5, r25	; 0x05

00000c80 <.L15>:
     c80:	40 e0       	ldi	r20, 0x00	; 0
     c82:	62 e0       	ldi	r22, 0x02	; 2
     c84:	81 e0       	ldi	r24, 0x01	; 1
     c86:	0e 94 0b 07 	call	0xe16	; 0xe16 <DIO_WritePin>
     c8a:	82 e9       	ldi	r24, 0x92	; 146
     c8c:	0e 94 b7 09 	call	0x136e	; 0x136e <SPI_Transfer>
     c90:	80 e0       	ldi	r24, 0x00	; 0
     c92:	0e 94 b7 09 	call	0x136e	; 0x136e <SPI_Transfer>
     c96:	8b 83       	std	Y+3, r24	; 0x03
     c98:	41 e0       	ldi	r20, 0x01	; 1
     c9a:	62 e0       	ldi	r22, 0x02	; 2
     c9c:	81 e0       	ldi	r24, 0x01	; 1
     c9e:	0e 94 0b 07 	call	0xe16	; 0xe16 <DIO_WritePin>
     ca2:	ee 81       	ldd	r30, Y+6	; 0x06
     ca4:	ff 81       	ldd	r31, Y+7	; 0x07
     ca6:	2b 81       	ldd	r18, Y+3	; 0x03
     ca8:	21 93       	st	Z+, r18
     caa:	ee 83       	std	Y+6, r30	; 0x06
     cac:	ff 83       	std	Y+7, r31	; 0x07
     cae:	8c 81       	ldd	r24, Y+4	; 0x04
     cb0:	9d 81       	ldd	r25, Y+5	; 0x05
     cb2:	8e 17       	cp	r24, r30
     cb4:	9f 07       	cpc	r25, r31
     cb6:	21 f7       	brne	.-56     	; 0xc80 <.L15>
     cb8:	40 e0       	ldi	r20, 0x00	; 0
     cba:	62 e0       	ldi	r22, 0x02	; 2
     cbc:	81 e0       	ldi	r24, 0x01	; 1
     cbe:	0e 94 0b 07 	call	0xe16	; 0xe16 <DIO_WritePin>
     cc2:	82 e9       	ldi	r24, 0x92	; 146
     cc4:	0e 94 b7 09 	call	0x136e	; 0x136e <SPI_Transfer>
     cc8:	80 e0       	ldi	r24, 0x00	; 0
     cca:	0e 94 b7 09 	call	0x136e	; 0x136e <SPI_Transfer>
     cce:	8b 83       	std	Y+3, r24	; 0x03
     cd0:	41 e0       	ldi	r20, 0x01	; 1
     cd2:	62 e0       	ldi	r22, 0x02	; 2
     cd4:	81 e0       	ldi	r24, 0x01	; 1
     cd6:	0e 94 0b 07 	call	0xe16	; 0xe16 <DIO_WritePin>
     cda:	e9 81       	ldd	r30, Y+1	; 0x01
     cdc:	fa 81       	ldd	r31, Y+2	; 0x02
     cde:	90 81       	ld	r25, Z
     ce0:	81 81       	ldd	r24, Z+1	; 0x01
     ce2:	98 27       	eor	r25, r24
     ce4:	82 81       	ldd	r24, Z+2	; 0x02
     ce6:	98 27       	eor	r25, r24
     ce8:	83 81       	ldd	r24, Z+3	; 0x03
     cea:	98 27       	eor	r25, r24
     cec:	81 e0       	ldi	r24, 0x01	; 1
     cee:	fb 81       	ldd	r31, Y+3	; 0x03
     cf0:	9f 13       	cpse	r25, r31
     cf2:	80 e0       	ldi	r24, 0x00	; 0
     cf4:	88 0f       	add	r24, r24
     cf6:	88 0f       	add	r24, r24
     cf8:	d5 ce       	rjmp	.-598    	; 0xaa4 <.L7>

00000cfa <ADC_Init>:
     cfa:	81 30       	cpi	r24, 0x01	; 1
     cfc:	a1 f0       	breq	.+40     	; 0xd26 <.L2>
     cfe:	83 30       	cpi	r24, 0x03	; 3
     d00:	51 f0       	breq	.+20     	; 0xd16 <.L3>
     d02:	81 11       	cpse	r24, r1
     d04:	02 c0       	rjmp	.+4      	; 0xd0a <.L4>
     d06:	3e 98       	cbi	0x07, 6	; 7
     d08:	3f 98       	cbi	0x07, 7	; 7

00000d0a <.L4>:
     d0a:	86 b1       	in	r24, 0x06	; 6
     d0c:	88 7f       	andi	r24, 0xF8	; 248
     d0e:	86 60       	ori	r24, 0x06	; 6
     d10:	86 b9       	out	0x06, r24	; 6
     d12:	37 9a       	sbi	0x06, 7	; 6
     d14:	08 95       	ret

00000d16 <.L3>:
     d16:	3e 9a       	sbi	0x07, 6	; 7
     d18:	3f 9a       	sbi	0x07, 7	; 7
     d1a:	86 b1       	in	r24, 0x06	; 6
     d1c:	88 7f       	andi	r24, 0xF8	; 248
     d1e:	86 60       	ori	r24, 0x06	; 6
     d20:	86 b9       	out	0x06, r24	; 6
     d22:	37 9a       	sbi	0x06, 7	; 6
     d24:	08 95       	ret

00000d26 <.L2>:
     d26:	3e 9a       	sbi	0x07, 6	; 7
     d28:	3f 98       	cbi	0x07, 7	; 7
     d2a:	86 b1       	in	r24, 0x06	; 6
     d2c:	88 7f       	andi	r24, 0xF8	; 248
     d2e:	86 60       	ori	r24, 0x06	; 6
     d30:	86 b9       	out	0x06, r24	; 6
     d32:	37 9a       	sbi	0x06, 7	; 6
     d34:	08 95       	ret

00000d36 <ADC_Enable>:
     d36:	37 9a       	sbi	0x06, 7	; 6
     d38:	08 95       	ret

00000d3a <ADC_Disable>:
     d3a:	37 98       	cbi	0x06, 7	; 6
     d3c:	08 95       	ret

00000d3e <ADC_Adjust>:
     d3e:	81 30       	cpi	r24, 0x01	; 1
     d40:	10 f4       	brcc	.+4      	; 0xd46 <.L9>
     d42:	3d 98       	cbi	0x07, 5	; 7
     d44:	08 95       	ret

00000d46 <.L9>:
     d46:	09 f0       	breq	.+2      	; 0xd4a <.L11>
     d48:	08 95       	ret

00000d4a <.L11>:
     d4a:	3d 9a       	sbi	0x07, 5	; 7
     d4c:	08 95       	ret

00000d4e <ADC_Channel>:
     d4e:	97 b1       	in	r25, 0x07	; 7
     d50:	90 7e       	andi	r25, 0xE0	; 224
     d52:	89 2b       	or	r24, r25
     d54:	87 b9       	out	0x07, r24	; 7
     d56:	08 95       	ret

00000d58 <ADC_StartConversion>:
     d58:	81 11       	cpse	r24, r1
     d5a:	01 c0       	rjmp	.+2      	; 0xd5e <.L13>
     d5c:	36 9a       	sbi	0x06, 6	; 6

00000d5e <.L13>:
     d5e:	08 95       	ret

00000d60 <ADC_Prescaler>:
     d60:	96 b1       	in	r25, 0x06	; 6
     d62:	98 7f       	andi	r25, 0xF8	; 248
     d64:	89 2b       	or	r24, r25
     d66:	86 b9       	out	0x06, r24	; 6
     d68:	08 95       	ret

00000d6a <ADC_ReadResult>:
     d6a:	36 9a       	sbi	0x06, 6	; 6

00000d6c <.L17>:
     d6c:	34 9b       	sbis	0x06, 4	; 6
     d6e:	fe cf       	rjmp	.-4      	; 0xd6c <.L17>
     d70:	34 9a       	sbi	0x06, 4	; 6
     d72:	84 b1       	in	r24, 0x04	; 4
     d74:	25 b1       	in	r18, 0x05	; 5
     d76:	92 2f       	mov	r25, r18
     d78:	08 95       	ret

00000d7a <DIO_InitPin>:
     d7a:	84 30       	cpi	r24, 0x04	; 4
     d7c:	c0 f4       	brcc	.+48     	; 0xdae <.L1>
     d7e:	68 30       	cpi	r22, 0x08	; 8
     d80:	b0 f4       	brcc	.+44     	; 0xdae <.L1>
     d82:	41 30       	cpi	r20, 0x01	; 1
     d84:	a9 f0       	breq	.+42     	; 0xdb0 <.L11>
     d86:	98 f4       	brcc	.+38     	; 0xdae <.L1>
     d88:	21 e0       	ldi	r18, 0x01	; 1
     d8a:	01 c0       	rjmp	.+2      	; 0xd8e <.L2^B1>

00000d8c <.L1^B1>:
     d8c:	22 0f       	add	r18, r18

00000d8e <.L2^B1>:
     d8e:	6a 95       	dec	r22
     d90:	ea f7       	brpl	.-6      	; 0xd8c <.L1^B1>
     d92:	20 95       	com	r18
     d94:	82 30       	cpi	r24, 0x02	; 2
     d96:	39 f1       	breq	.+78     	; 0xde6 <.L7>
     d98:	83 30       	cpi	r24, 0x03	; 3
     d9a:	31 f0       	breq	.+12     	; 0xda8 <.L8>
     d9c:	81 30       	cpi	r24, 0x01	; 1
     d9e:	39 f1       	breq	.+78     	; 0xdee <.L9>
     da0:	8a b3       	in	r24, 0x1a	; 26
     da2:	82 23       	and	r24, r18
     da4:	8a bb       	out	0x1a, r24	; 26
     da6:	08 95       	ret

00000da8 <.L8>:
     da8:	81 b3       	in	r24, 0x11	; 17
     daa:	82 23       	and	r24, r18
     dac:	81 bb       	out	0x11, r24	; 17

00000dae <.L1>:
     dae:	08 95       	ret

00000db0 <.L11>:
     db0:	21 e0       	ldi	r18, 0x01	; 1
     db2:	01 c0       	rjmp	.+2      	; 0xdb6 <.L2^B2>

00000db4 <.L1^B2>:
     db4:	22 0f       	add	r18, r18

00000db6 <.L2^B2>:
     db6:	6a 95       	dec	r22
     db8:	ea f7       	brpl	.-6      	; 0xdb4 <.L1^B2>
     dba:	82 30       	cpi	r24, 0x02	; 2
     dbc:	61 f0       	breq	.+24     	; 0xdd6 <.L4>
     dbe:	83 30       	cpi	r24, 0x03	; 3
     dc0:	31 f0       	breq	.+12     	; 0xdce <.L5>
     dc2:	81 30       	cpi	r24, 0x01	; 1
     dc4:	61 f0       	breq	.+24     	; 0xdde <.L6>
     dc6:	8a b3       	in	r24, 0x1a	; 26
     dc8:	82 2b       	or	r24, r18
     dca:	8a bb       	out	0x1a, r24	; 26
     dcc:	08 95       	ret

00000dce <.L5>:
     dce:	81 b3       	in	r24, 0x11	; 17
     dd0:	82 2b       	or	r24, r18
     dd2:	81 bb       	out	0x11, r24	; 17
     dd4:	08 95       	ret

00000dd6 <.L4>:
     dd6:	84 b3       	in	r24, 0x14	; 20
     dd8:	82 2b       	or	r24, r18
     dda:	84 bb       	out	0x14, r24	; 20
     ddc:	08 95       	ret

00000dde <.L6>:
     dde:	87 b3       	in	r24, 0x17	; 23
     de0:	82 2b       	or	r24, r18
     de2:	87 bb       	out	0x17, r24	; 23
     de4:	08 95       	ret

00000de6 <.L7>:
     de6:	84 b3       	in	r24, 0x14	; 20
     de8:	82 23       	and	r24, r18
     dea:	84 bb       	out	0x14, r24	; 20
     dec:	08 95       	ret

00000dee <.L9>:
     dee:	87 b3       	in	r24, 0x17	; 23
     df0:	82 23       	and	r24, r18
     df2:	87 bb       	out	0x17, r24	; 23
     df4:	08 95       	ret

00000df6 <DIO_InitGroup>:
     df6:	82 30       	cpi	r24, 0x02	; 2
     df8:	49 f0       	breq	.+18     	; 0xe0c <.L13>
     dfa:	20 f4       	brcc	.+8      	; 0xe04 <.L14>
     dfc:	81 15       	cp	r24, r1
     dfe:	41 f0       	breq	.+16     	; 0xe10 <.L20>
     e00:	67 bb       	out	0x17, r22	; 23
     e02:	08 95       	ret

00000e04 <.L14>:
     e04:	83 30       	cpi	r24, 0x03	; 3
     e06:	31 f4       	brne	.+12     	; 0xe14 <.L21>
     e08:	61 bb       	out	0x11, r22	; 17
     e0a:	08 95       	ret

00000e0c <.L13>:
     e0c:	64 bb       	out	0x14, r22	; 20
     e0e:	08 95       	ret

00000e10 <.L20>:
     e10:	6a bb       	out	0x1a, r22	; 26
     e12:	08 95       	ret

00000e14 <.L21>:
     e14:	08 95       	ret

00000e16 <DIO_WritePin>:
     e16:	84 30       	cpi	r24, 0x04	; 4
     e18:	c0 f4       	brcc	.+48     	; 0xe4a <.L22>
     e1a:	68 30       	cpi	r22, 0x08	; 8
     e1c:	b0 f4       	brcc	.+44     	; 0xe4a <.L22>
     e1e:	41 30       	cpi	r20, 0x01	; 1
     e20:	a9 f0       	breq	.+42     	; 0xe4c <.L31>
     e22:	98 f4       	brcc	.+38     	; 0xe4a <.L22>
     e24:	21 e0       	ldi	r18, 0x01	; 1
     e26:	01 c0       	rjmp	.+2      	; 0xe2a <.L2^B3>

00000e28 <.L1^B3>:
     e28:	22 0f       	add	r18, r18

00000e2a <.L2^B3>:
     e2a:	6a 95       	dec	r22
     e2c:	ea f7       	brpl	.-6      	; 0xe28 <.L1^B3>
     e2e:	20 95       	com	r18
     e30:	82 30       	cpi	r24, 0x02	; 2
     e32:	39 f1       	breq	.+78     	; 0xe82 <.L28>
     e34:	83 30       	cpi	r24, 0x03	; 3
     e36:	31 f0       	breq	.+12     	; 0xe44 <.L29>
     e38:	81 30       	cpi	r24, 0x01	; 1
     e3a:	39 f1       	breq	.+78     	; 0xe8a <.L30>
     e3c:	8b b3       	in	r24, 0x1b	; 27
     e3e:	82 23       	and	r24, r18
     e40:	8b bb       	out	0x1b, r24	; 27
     e42:	08 95       	ret

00000e44 <.L29>:
     e44:	82 b3       	in	r24, 0x12	; 18
     e46:	82 23       	and	r24, r18
     e48:	82 bb       	out	0x12, r24	; 18

00000e4a <.L22>:
     e4a:	08 95       	ret

00000e4c <.L31>:
     e4c:	21 e0       	ldi	r18, 0x01	; 1
     e4e:	01 c0       	rjmp	.+2      	; 0xe52 <.L2^B4>

00000e50 <.L1^B4>:
     e50:	22 0f       	add	r18, r18

00000e52 <.L2^B4>:
     e52:	6a 95       	dec	r22
     e54:	ea f7       	brpl	.-6      	; 0xe50 <.L1^B4>
     e56:	82 30       	cpi	r24, 0x02	; 2
     e58:	61 f0       	breq	.+24     	; 0xe72 <.L25>
     e5a:	83 30       	cpi	r24, 0x03	; 3
     e5c:	31 f0       	breq	.+12     	; 0xe6a <.L26>
     e5e:	81 30       	cpi	r24, 0x01	; 1
     e60:	61 f0       	breq	.+24     	; 0xe7a <.L27>
     e62:	8b b3       	in	r24, 0x1b	; 27
     e64:	82 2b       	or	r24, r18
     e66:	8b bb       	out	0x1b, r24	; 27
     e68:	08 95       	ret

00000e6a <.L26>:
     e6a:	82 b3       	in	r24, 0x12	; 18
     e6c:	82 2b       	or	r24, r18
     e6e:	82 bb       	out	0x12, r24	; 18
     e70:	08 95       	ret

00000e72 <.L25>:
     e72:	85 b3       	in	r24, 0x15	; 21
     e74:	82 2b       	or	r24, r18
     e76:	85 bb       	out	0x15, r24	; 21
     e78:	08 95       	ret

00000e7a <.L27>:
     e7a:	88 b3       	in	r24, 0x18	; 24
     e7c:	82 2b       	or	r24, r18
     e7e:	88 bb       	out	0x18, r24	; 24
     e80:	08 95       	ret

00000e82 <.L28>:
     e82:	85 b3       	in	r24, 0x15	; 21
     e84:	82 23       	and	r24, r18
     e86:	85 bb       	out	0x15, r24	; 21
     e88:	08 95       	ret

00000e8a <.L30>:
     e8a:	88 b3       	in	r24, 0x18	; 24
     e8c:	82 23       	and	r24, r18
     e8e:	88 bb       	out	0x18, r24	; 24
     e90:	08 95       	ret

00000e92 <DIO_WriteGroup>:
     e92:	82 30       	cpi	r24, 0x02	; 2
     e94:	49 f0       	breq	.+18     	; 0xea8 <.L33>
     e96:	20 f4       	brcc	.+8      	; 0xea0 <.L34>
     e98:	81 15       	cp	r24, r1
     e9a:	41 f0       	breq	.+16     	; 0xeac <.L40>
     e9c:	68 bb       	out	0x18, r22	; 24
     e9e:	08 95       	ret

00000ea0 <.L34>:
     ea0:	83 30       	cpi	r24, 0x03	; 3
     ea2:	31 f4       	brne	.+12     	; 0xeb0 <.L41>
     ea4:	62 bb       	out	0x12, r22	; 18
     ea6:	08 95       	ret

00000ea8 <.L33>:
     ea8:	65 bb       	out	0x15, r22	; 21
     eaa:	08 95       	ret

00000eac <.L40>:
     eac:	6b bb       	out	0x1b, r22	; 27
     eae:	08 95       	ret

00000eb0 <.L41>:
     eb0:	08 95       	ret

00000eb2 <DIO_ReadPin>:
     eb2:	41 15       	cp	r20, r1
     eb4:	51 05       	cpc	r21, r1
     eb6:	a1 f0       	breq	.+40     	; 0xee0 <.L42>
     eb8:	84 30       	cpi	r24, 0x04	; 4
     eba:	90 f4       	brcc	.+36     	; 0xee0 <.L42>
     ebc:	68 30       	cpi	r22, 0x08	; 8
     ebe:	80 f4       	brcc	.+32     	; 0xee0 <.L42>
     ec0:	82 30       	cpi	r24, 0x02	; 2
     ec2:	99 f0       	breq	.+38     	; 0xeea <.L44>
     ec4:	83 30       	cpi	r24, 0x03	; 3
     ec6:	79 f0       	breq	.+30     	; 0xee6 <.L45>
     ec8:	81 30       	cpi	r24, 0x01	; 1
     eca:	59 f4       	brne	.+22     	; 0xee2 <.L51>
     ecc:	86 b3       	in	r24, 0x16	; 22

00000ece <.L50>:
     ece:	90 e0       	ldi	r25, 0x00	; 0
     ed0:	02 c0       	rjmp	.+4      	; 0xed6 <.L2^B5>

00000ed2 <.L1^B5>:
     ed2:	95 95       	asr	r25
     ed4:	87 95       	ror	r24

00000ed6 <.L2^B5>:
     ed6:	6a 95       	dec	r22
     ed8:	e2 f7       	brpl	.-8      	; 0xed2 <.L1^B5>
     eda:	81 70       	andi	r24, 0x01	; 1
     edc:	fa 01       	movw	r30, r20
     ede:	80 83       	st	Z, r24

00000ee0 <.L42>:
     ee0:	08 95       	ret

00000ee2 <.L51>:
     ee2:	89 b3       	in	r24, 0x19	; 25
     ee4:	f4 cf       	rjmp	.-24     	; 0xece <.L50>

00000ee6 <.L45>:
     ee6:	80 b3       	in	r24, 0x10	; 16
     ee8:	f2 cf       	rjmp	.-28     	; 0xece <.L50>

00000eea <.L44>:
     eea:	83 b3       	in	r24, 0x13	; 19
     eec:	f0 cf       	rjmp	.-32     	; 0xece <.L50>

00000eee <DIO_ReadGroup>:
     eee:	61 15       	cp	r22, r1
     ef0:	71 05       	cpc	r23, r1
     ef2:	71 f0       	breq	.+28     	; 0xf10 <.L52>
     ef4:	82 30       	cpi	r24, 0x02	; 2
     ef6:	91 f0       	breq	.+36     	; 0xf1c <.L54>
     ef8:	30 f4       	brcc	.+12     	; 0xf06 <.L55>
     efa:	81 15       	cp	r24, r1
     efc:	59 f0       	breq	.+22     	; 0xf14 <.L63>
     efe:	86 b3       	in	r24, 0x16	; 22
     f00:	fb 01       	movw	r30, r22
     f02:	80 83       	st	Z, r24
     f04:	08 95       	ret

00000f06 <.L55>:
     f06:	83 30       	cpi	r24, 0x03	; 3
     f08:	21 f4       	brne	.+8      	; 0xf12 <.L64>
     f0a:	80 b3       	in	r24, 0x10	; 16
     f0c:	fb 01       	movw	r30, r22
     f0e:	80 83       	st	Z, r24

00000f10 <.L52>:
     f10:	08 95       	ret

00000f12 <.L64>:
     f12:	08 95       	ret

00000f14 <.L63>:
     f14:	89 b3       	in	r24, 0x19	; 25
     f16:	fb 01       	movw	r30, r22
     f18:	80 83       	st	Z, r24
     f1a:	08 95       	ret

00000f1c <.L54>:
     f1c:	83 b3       	in	r24, 0x13	; 19
     f1e:	fb 01       	movw	r30, r22
     f20:	80 83       	st	Z, r24
     f22:	08 95       	ret

00000f24 <DIO_Toggle>:
     f24:	82 30       	cpi	r24, 0x02	; 2
     f26:	b9 f0       	breq	.+46     	; 0xf56 <.L66>
     f28:	58 f4       	brcc	.+22     	; 0xf40 <.L67>
     f2a:	81 15       	cp	r24, r1
     f2c:	e9 f0       	breq	.+58     	; 0xf68 <.L73>
     f2e:	88 b3       	in	r24, 0x18	; 24
     f30:	21 e0       	ldi	r18, 0x01	; 1
     f32:	01 c0       	rjmp	.+2      	; 0xf36 <.L2^B6>

00000f34 <.L1^B6>:
     f34:	22 0f       	add	r18, r18

00000f36 <.L2^B6>:
     f36:	6a 95       	dec	r22
     f38:	ea f7       	brpl	.-6      	; 0xf34 <.L1^B6>
     f3a:	82 27       	eor	r24, r18
     f3c:	88 bb       	out	0x18, r24	; 24
     f3e:	08 95       	ret

00000f40 <.L67>:
     f40:	83 30       	cpi	r24, 0x03	; 3
     f42:	d9 f4       	brne	.+54     	; 0xf7a <.L74>
     f44:	82 b3       	in	r24, 0x12	; 18
     f46:	21 e0       	ldi	r18, 0x01	; 1
     f48:	01 c0       	rjmp	.+2      	; 0xf4c <.L2^B7>

00000f4a <.L1^B7>:
     f4a:	22 0f       	add	r18, r18

00000f4c <.L2^B7>:
     f4c:	6a 95       	dec	r22
     f4e:	ea f7       	brpl	.-6      	; 0xf4a <.L1^B7>
     f50:	82 27       	eor	r24, r18
     f52:	82 bb       	out	0x12, r24	; 18
     f54:	08 95       	ret

00000f56 <.L66>:
     f56:	85 b3       	in	r24, 0x15	; 21
     f58:	21 e0       	ldi	r18, 0x01	; 1
     f5a:	01 c0       	rjmp	.+2      	; 0xf5e <.L2^B8>

00000f5c <.L1^B8>:
     f5c:	22 0f       	add	r18, r18

00000f5e <.L2^B8>:
     f5e:	6a 95       	dec	r22
     f60:	ea f7       	brpl	.-6      	; 0xf5c <.L1^B8>
     f62:	82 27       	eor	r24, r18
     f64:	85 bb       	out	0x15, r24	; 21
     f66:	08 95       	ret

00000f68 <.L73>:
     f68:	8b b3       	in	r24, 0x1b	; 27
     f6a:	21 e0       	ldi	r18, 0x01	; 1
     f6c:	01 c0       	rjmp	.+2      	; 0xf70 <.L2^B9>

00000f6e <.L1^B9>:
     f6e:	22 0f       	add	r18, r18

00000f70 <.L2^B9>:
     f70:	6a 95       	dec	r22
     f72:	ea f7       	brpl	.-6      	; 0xf6e <.L1^B9>
     f74:	82 27       	eor	r24, r18
     f76:	8b bb       	out	0x1b, r24	; 27
     f78:	08 95       	ret

00000f7a <.L74>:
     f7a:	08 95       	ret

00000f7c <EXTI_Init>:
     f7c:	86 30       	cpi	r24, 0x06	; 6
     f7e:	b1 f0       	breq	.+44     	; 0xfac <.L13>
     f80:	87 30       	cpi	r24, 0x07	; 7
     f82:	19 f0       	breq	.+6      	; 0xf8a <.L14>
     f84:	85 30       	cpi	r24, 0x05	; 5
     f86:	09 f1       	breq	.+66     	; 0xfca <.L15>

00000f88 <.L1>:
     f88:	08 95       	ret

00000f8a <.L14>:
     f8a:	64 30       	cpi	r22, 0x04	; 4
     f8c:	69 f1       	breq	.+90     	; 0xfe8 <.L16>
     f8e:	65 30       	cpi	r22, 0x05	; 5
     f90:	09 f4       	brne	.+2      	; 0xf94 <L0^A+0x2>

00000f92 <L0^A>:
     f92:	43 c0       	rjmp	.+134    	; 0x101a <.L17>
     f94:	66 30       	cpi	r22, 0x06	; 6
     f96:	09 f4       	brne	.+2      	; 0xf9a <L0^A+0x2>

00000f98 <L0^A>:
     f98:	47 c0       	rjmp	.+142    	; 0x1028 <.L18>
     f9a:	67 30       	cpi	r22, 0x07	; 7
     f9c:	a9 f7       	brne	.-22     	; 0xf88 <.L1>
     f9e:	85 b7       	in	r24, 0x35	; 53
     fa0:	84 60       	ori	r24, 0x04	; 4
     fa2:	85 bf       	out	0x35, r24	; 53
     fa4:	85 b7       	in	r24, 0x35	; 53
     fa6:	88 60       	ori	r24, 0x08	; 8
     fa8:	85 bf       	out	0x35, r24	; 53
     faa:	08 95       	ret

00000fac <.L13>:
     fac:	64 30       	cpi	r22, 0x04	; 4
     fae:	19 f1       	breq	.+70     	; 0xff6 <.L19>
     fb0:	65 30       	cpi	r22, 0x05	; 5
     fb2:	99 f0       	breq	.+38     	; 0xfda <.L20>
     fb4:	66 30       	cpi	r22, 0x06	; 6
     fb6:	31 f1       	breq	.+76     	; 0x1004 <.L21>
     fb8:	67 30       	cpi	r22, 0x07	; 7
     fba:	31 f7       	brne	.-52     	; 0xf88 <.L1>
     fbc:	85 b7       	in	r24, 0x35	; 53
     fbe:	81 60       	ori	r24, 0x01	; 1
     fc0:	85 bf       	out	0x35, r24	; 53
     fc2:	85 b7       	in	r24, 0x35	; 53
     fc4:	82 60       	ori	r24, 0x02	; 2
     fc6:	85 bf       	out	0x35, r24	; 53
     fc8:	08 95       	ret

00000fca <.L15>:
     fca:	66 30       	cpi	r22, 0x06	; 6
     fcc:	11 f1       	breq	.+68     	; 0x1012 <.L22>
     fce:	67 30       	cpi	r22, 0x07	; 7
     fd0:	d9 f6       	brne	.-74     	; 0xf88 <.L1>
     fd2:	84 b7       	in	r24, 0x34	; 52
     fd4:	80 64       	ori	r24, 0x40	; 64
     fd6:	84 bf       	out	0x34, r24	; 52
     fd8:	08 95       	ret

00000fda <.L20>:
     fda:	85 b7       	in	r24, 0x35	; 53
     fdc:	81 60       	ori	r24, 0x01	; 1
     fde:	85 bf       	out	0x35, r24	; 53
     fe0:	85 b7       	in	r24, 0x35	; 53
     fe2:	8d 7f       	andi	r24, 0xFD	; 253
     fe4:	85 bf       	out	0x35, r24	; 53
     fe6:	08 95       	ret

00000fe8 <.L16>:
     fe8:	85 b7       	in	r24, 0x35	; 53
     fea:	8b 7f       	andi	r24, 0xFB	; 251
     fec:	85 bf       	out	0x35, r24	; 53
     fee:	85 b7       	in	r24, 0x35	; 53
     ff0:	87 7f       	andi	r24, 0xF7	; 247
     ff2:	85 bf       	out	0x35, r24	; 53
     ff4:	08 95       	ret

00000ff6 <.L19>:
     ff6:	85 b7       	in	r24, 0x35	; 53
     ff8:	8e 7f       	andi	r24, 0xFE	; 254
     ffa:	85 bf       	out	0x35, r24	; 53
     ffc:	85 b7       	in	r24, 0x35	; 53
     ffe:	8d 7f       	andi	r24, 0xFD	; 253
    1000:	85 bf       	out	0x35, r24	; 53
    1002:	08 95       	ret

00001004 <.L21>:
    1004:	85 b7       	in	r24, 0x35	; 53
    1006:	8e 7f       	andi	r24, 0xFE	; 254
    1008:	85 bf       	out	0x35, r24	; 53
    100a:	85 b7       	in	r24, 0x35	; 53
    100c:	82 60       	ori	r24, 0x02	; 2
    100e:	85 bf       	out	0x35, r24	; 53
    1010:	08 95       	ret

00001012 <.L22>:
    1012:	84 b7       	in	r24, 0x34	; 52
    1014:	8f 7b       	andi	r24, 0xBF	; 191
    1016:	84 bf       	out	0x34, r24	; 52
    1018:	08 95       	ret

0000101a <.L17>:
    101a:	85 b7       	in	r24, 0x35	; 53
    101c:	84 60       	ori	r24, 0x04	; 4
    101e:	85 bf       	out	0x35, r24	; 53
    1020:	85 b7       	in	r24, 0x35	; 53
    1022:	87 7f       	andi	r24, 0xF7	; 247
    1024:	85 bf       	out	0x35, r24	; 53
    1026:	08 95       	ret

00001028 <.L18>:
    1028:	85 b7       	in	r24, 0x35	; 53
    102a:	8b 7f       	andi	r24, 0xFB	; 251
    102c:	85 bf       	out	0x35, r24	; 53
    102e:	85 b7       	in	r24, 0x35	; 53
    1030:	88 60       	ori	r24, 0x08	; 8
    1032:	85 bf       	out	0x35, r24	; 53
    1034:	08 95       	ret

00001036 <EXTI_Enable>:
    1036:	86 30       	cpi	r24, 0x06	; 6
    1038:	49 f0       	breq	.+18     	; 0x104c <.L27>
    103a:	87 30       	cpi	r24, 0x07	; 7
    103c:	19 f0       	breq	.+6      	; 0x1044 <.L28>
    103e:	85 30       	cpi	r24, 0x05	; 5
    1040:	49 f0       	breq	.+18     	; 0x1054 <.L29>
    1042:	08 95       	ret

00001044 <.L28>:
    1044:	8b b7       	in	r24, 0x3b	; 59
    1046:	80 68       	ori	r24, 0x80	; 128
    1048:	8b bf       	out	0x3b, r24	; 59
    104a:	08 95       	ret

0000104c <.L27>:
    104c:	8b b7       	in	r24, 0x3b	; 59
    104e:	80 64       	ori	r24, 0x40	; 64
    1050:	8b bf       	out	0x3b, r24	; 59
    1052:	08 95       	ret

00001054 <.L29>:
    1054:	8b b7       	in	r24, 0x3b	; 59
    1056:	80 62       	ori	r24, 0x20	; 32
    1058:	8b bf       	out	0x3b, r24	; 59
    105a:	08 95       	ret

0000105c <EXTI_Disable>:
    105c:	86 30       	cpi	r24, 0x06	; 6
    105e:	49 f0       	breq	.+18     	; 0x1072 <.L34>
    1060:	87 30       	cpi	r24, 0x07	; 7
    1062:	19 f0       	breq	.+6      	; 0x106a <.L35>
    1064:	85 30       	cpi	r24, 0x05	; 5
    1066:	49 f0       	breq	.+18     	; 0x107a <.L36>
    1068:	08 95       	ret

0000106a <.L35>:
    106a:	8b b7       	in	r24, 0x3b	; 59
    106c:	8f 77       	andi	r24, 0x7F	; 127
    106e:	8b bf       	out	0x3b, r24	; 59
    1070:	08 95       	ret

00001072 <.L34>:
    1072:	8b b7       	in	r24, 0x3b	; 59
    1074:	8f 7b       	andi	r24, 0xBF	; 191
    1076:	8b bf       	out	0x3b, r24	; 59
    1078:	08 95       	ret

0000107a <.L36>:
    107a:	8b b7       	in	r24, 0x3b	; 59
    107c:	8f 7d       	andi	r24, 0xDF	; 223
    107e:	8b bf       	out	0x3b, r24	; 59
    1080:	08 95       	ret

00001082 <EXTI_CallBack>:
    1082:	83 30       	cpi	r24, 0x03	; 3
    1084:	58 f4       	brcc	.+22     	; 0x109c <.L37>
    1086:	61 15       	cp	r22, r1
    1088:	71 05       	cpc	r23, r1
    108a:	41 f0       	breq	.+16     	; 0x109c <.L37>
    108c:	e8 2f       	mov	r30, r24
    108e:	f0 e0       	ldi	r31, 0x00	; 0
    1090:	ee 0f       	add	r30, r30
    1092:	ff 1f       	adc	r31, r31
    1094:	ea 52       	subi	r30, 0x2A	; 42
    1096:	ff 4f       	sbci	r31, 0xFF	; 255
    1098:	60 83       	st	Z, r22
    109a:	71 83       	std	Z+1, r23	; 0x01

0000109c <.L37>:
    109c:	08 95       	ret

0000109e <__vector_1>:
    109e:	1f 92       	push	r1
    10a0:	0f 92       	push	r0
    10a2:	0f b6       	in	r0, 0x3f	; 63
    10a4:	0f 92       	push	r0
    10a6:	11 24       	eor	r1, r1
    10a8:	2f 93       	push	r18
    10aa:	3f 93       	push	r19
    10ac:	4f 93       	push	r20
    10ae:	5f 93       	push	r21
    10b0:	6f 93       	push	r22
    10b2:	7f 93       	push	r23
    10b4:	8f 93       	push	r24
    10b6:	9f 93       	push	r25
    10b8:	af 93       	push	r26
    10ba:	bf 93       	push	r27
    10bc:	ef 93       	push	r30
    10be:	ff 93       	push	r31
    10c0:	e0 91 d6 00 	lds	r30, 0x00D6	; 0x8000d6 <Ptr>
    10c4:	f0 91 d7 00 	lds	r31, 0x00D7	; 0x8000d7 <Ptr+0x1>
    10c8:	30 97       	sbiw	r30, 0x00	; 0
    10ca:	09 f0       	breq	.+2      	; 0x10ce <.L42>
    10cc:	09 95       	icall

000010ce <.L42>:
    10ce:	ff 91       	pop	r31
    10d0:	ef 91       	pop	r30
    10d2:	bf 91       	pop	r27
    10d4:	af 91       	pop	r26
    10d6:	9f 91       	pop	r25
    10d8:	8f 91       	pop	r24
    10da:	7f 91       	pop	r23
    10dc:	6f 91       	pop	r22
    10de:	5f 91       	pop	r21
    10e0:	4f 91       	pop	r20
    10e2:	3f 91       	pop	r19
    10e4:	2f 91       	pop	r18
    10e6:	0f 90       	pop	r0
    10e8:	0f be       	out	0x3f, r0	; 63
    10ea:	0f 90       	pop	r0
    10ec:	1f 90       	pop	r1
    10ee:	18 95       	reti

000010f0 <__vector_2>:
    10f0:	1f 92       	push	r1
    10f2:	0f 92       	push	r0
    10f4:	0f b6       	in	r0, 0x3f	; 63
    10f6:	0f 92       	push	r0
    10f8:	11 24       	eor	r1, r1
    10fa:	2f 93       	push	r18
    10fc:	3f 93       	push	r19
    10fe:	4f 93       	push	r20
    1100:	5f 93       	push	r21
    1102:	6f 93       	push	r22
    1104:	7f 93       	push	r23
    1106:	8f 93       	push	r24
    1108:	9f 93       	push	r25
    110a:	af 93       	push	r26
    110c:	bf 93       	push	r27
    110e:	ef 93       	push	r30
    1110:	ff 93       	push	r31
    1112:	e0 91 d8 00 	lds	r30, 0x00D8	; 0x8000d8 <Ptr+0x2>
    1116:	f0 91 d9 00 	lds	r31, 0x00D9	; 0x8000d9 <Ptr+0x3>
    111a:	30 97       	sbiw	r30, 0x00	; 0
    111c:	09 f0       	breq	.+2      	; 0x1120 <.L47>
    111e:	09 95       	icall

00001120 <.L47>:
    1120:	ff 91       	pop	r31
    1122:	ef 91       	pop	r30
    1124:	bf 91       	pop	r27
    1126:	af 91       	pop	r26
    1128:	9f 91       	pop	r25
    112a:	8f 91       	pop	r24
    112c:	7f 91       	pop	r23
    112e:	6f 91       	pop	r22
    1130:	5f 91       	pop	r21
    1132:	4f 91       	pop	r20
    1134:	3f 91       	pop	r19
    1136:	2f 91       	pop	r18
    1138:	0f 90       	pop	r0
    113a:	0f be       	out	0x3f, r0	; 63
    113c:	0f 90       	pop	r0
    113e:	1f 90       	pop	r1
    1140:	18 95       	reti

00001142 <__vector_3>:
    1142:	1f 92       	push	r1
    1144:	0f 92       	push	r0
    1146:	0f b6       	in	r0, 0x3f	; 63
    1148:	0f 92       	push	r0
    114a:	11 24       	eor	r1, r1
    114c:	2f 93       	push	r18
    114e:	3f 93       	push	r19
    1150:	4f 93       	push	r20
    1152:	5f 93       	push	r21
    1154:	6f 93       	push	r22
    1156:	7f 93       	push	r23
    1158:	8f 93       	push	r24
    115a:	9f 93       	push	r25
    115c:	af 93       	push	r26
    115e:	bf 93       	push	r27
    1160:	ef 93       	push	r30
    1162:	ff 93       	push	r31
    1164:	e0 91 da 00 	lds	r30, 0x00DA	; 0x8000da <Ptr+0x4>
    1168:	f0 91 db 00 	lds	r31, 0x00DB	; 0x8000db <Ptr+0x5>
    116c:	30 97       	sbiw	r30, 0x00	; 0
    116e:	09 f0       	breq	.+2      	; 0x1172 <.L52>
    1170:	09 95       	icall

00001172 <.L52>:
    1172:	ff 91       	pop	r31
    1174:	ef 91       	pop	r30
    1176:	bf 91       	pop	r27
    1178:	af 91       	pop	r26
    117a:	9f 91       	pop	r25
    117c:	8f 91       	pop	r24
    117e:	7f 91       	pop	r23
    1180:	6f 91       	pop	r22
    1182:	5f 91       	pop	r21
    1184:	4f 91       	pop	r20
    1186:	3f 91       	pop	r19
    1188:	2f 91       	pop	r18
    118a:	0f 90       	pop	r0
    118c:	0f be       	out	0x3f, r0	; 63
    118e:	0f 90       	pop	r0
    1190:	1f 90       	pop	r1
    1192:	18 95       	reti

00001194 <GIE_Enable>:
    1194:	8f b7       	in	r24, 0x3f	; 63
    1196:	80 68       	ori	r24, 0x80	; 128
    1198:	8f bf       	out	0x3f, r24	; 63
    119a:	08 95       	ret

0000119c <GIE_Disable>:
    119c:	8f b7       	in	r24, 0x3f	; 63
    119e:	8f 77       	andi	r24, 0x7F	; 127
    11a0:	8f bf       	out	0x3f, r24	; 63
    11a2:	08 95       	ret

000011a4 <SPI_Init>:
    11a4:	0f 93       	push	r16
    11a6:	1f 93       	push	r17
    11a8:	cf 93       	push	r28
    11aa:	df 93       	push	r29
    11ac:	cd b7       	in	r28, 0x3d	; 61
    11ae:	de b7       	in	r29, 0x3e	; 62
    11b0:	2b 97       	sbiw	r28, 0x0b	; 11
    11b2:	0f b6       	in	r0, 0x3f	; 63
    11b4:	f8 94       	cli
    11b6:	de bf       	out	0x3e, r29	; 62
    11b8:	0f be       	out	0x3f, r0	; 63
    11ba:	cd bf       	out	0x3d, r28	; 61
    11bc:	90 2f       	mov	r25, r16
    11be:	09 83       	std	Y+1, r16	; 0x01
    11c0:	1a 83       	std	Y+2, r17	; 0x02
    11c2:	2a 87       	std	Y+10, r18	; 0x0a
    11c4:	2b 83       	std	Y+3, r18	; 0x03
    11c6:	3b 87       	std	Y+11, r19	; 0x0b
    11c8:	3c 83       	std	Y+4, r19	; 0x04
    11ca:	04 2f       	mov	r16, r20
    11cc:	4d 83       	std	Y+5, r20	; 0x05
    11ce:	15 2f       	mov	r17, r21
    11d0:	5e 83       	std	Y+6, r21	; 0x06
    11d2:	6f 83       	std	Y+7, r22	; 0x07
    11d4:	78 87       	std	Y+8, r23	; 0x08
    11d6:	89 87       	std	Y+9, r24	; 0x09
    11d8:	6e 9a       	sbi	0x0d, 6	; 13
    11da:	91 30       	cpi	r25, 0x01	; 1
    11dc:	09 f4       	brne	.+2      	; 0x11e0 <L0^A+0x2>

000011de <L0^A>:
    11de:	5c c0       	rjmp	.+184    	; 0x1298 <.L19>
    11e0:	08 f4       	brcc	.+2      	; 0x11e4 <.L3>

000011e2 <L0^A>:
    11e2:	40 c0       	rjmp	.+128    	; 0x1264 <.L20>

000011e4 <.L3>:
    11e4:	8a 85       	ldd	r24, Y+10	; 0x0a
    11e6:	81 11       	cpse	r24, r1
    11e8:	1c c0       	rjmp	.+56     	; 0x1222 <.L4>
    11ea:	6d 98       	cbi	0x0d, 5	; 13

000011ec <.L5>:
    11ec:	8b 85       	ldd	r24, Y+11	; 0x0b
    11ee:	81 11       	cpse	r24, r1
    11f0:	1f c0       	rjmp	.+62     	; 0x1230 <.L6>

000011f2 <.L26>:
    11f2:	6b 98       	cbi	0x0d, 3	; 13

000011f4 <.L7>:
    11f4:	01 30       	cpi	r16, 0x01	; 1
    11f6:	10 f5       	brcc	.+68     	; 0x123c <.L8>

000011f8 <.L27>:
    11f8:	6a 98       	cbi	0x0d, 2	; 13

000011fa <.L9>:
    11fa:	11 30       	cpi	r17, 0x01	; 1
    11fc:	19 f1       	breq	.+70     	; 0x1244 <.L21>

000011fe <.L10>:
    11fe:	12 30       	cpi	r17, 0x02	; 2
    1200:	21 f1       	breq	.+72     	; 0x124a <.L22>
    1202:	13 30       	cpi	r17, 0x03	; 3
    1204:	09 f4       	brne	.+2      	; 0x1208 <L0^A+0x2>

00001206 <L0^A>:
    1206:	73 c0       	rjmp	.+230    	; 0x12ee <.L23>
    1208:	14 30       	cpi	r17, 0x04	; 4
    120a:	09 f4       	brne	.+2      	; 0x120e <L0^A+0x2>

0000120c <L0^A>:
    120c:	60 c0       	rjmp	.+192    	; 0x12ce <.L24>
    120e:	15 30       	cpi	r17, 0x05	; 5
    1210:	09 f4       	brne	.+2      	; 0x1214 <L0^A+0x2>

00001212 <L0^A>:
    1212:	60 c0       	rjmp	.+192    	; 0x12d4 <.L25>
    1214:	16 30       	cpi	r17, 0x06	; 6
    1216:	09 f0       	breq	.+2      	; 0x121a <L0^A+0x2>

00001218 <L0^A>:
    1218:	61 c0       	rjmp	.+194    	; 0x12dc <.L16>
    121a:	69 98       	cbi	0x0d, 1	; 13
    121c:	68 9a       	sbi	0x0d, 0	; 13
    121e:	70 9a       	sbi	0x0e, 0	; 14
    1220:	16 c0       	rjmp	.+44     	; 0x124e <.L1>

00001222 <.L4>:
    1222:	8a 85       	ldd	r24, Y+10	; 0x0a
    1224:	81 30       	cpi	r24, 0x01	; 1
    1226:	11 f7       	brne	.-60     	; 0x11ec <.L5>
    1228:	6d 9a       	sbi	0x0d, 5	; 13
    122a:	8b 85       	ldd	r24, Y+11	; 0x0b
    122c:	81 15       	cp	r24, r1
    122e:	09 f3       	breq	.-62     	; 0x11f2 <.L26>

00001230 <.L6>:
    1230:	8b 85       	ldd	r24, Y+11	; 0x0b
    1232:	81 30       	cpi	r24, 0x01	; 1
    1234:	f9 f6       	brne	.-66     	; 0x11f4 <.L7>
    1236:	6b 9a       	sbi	0x0d, 3	; 13
    1238:	01 30       	cpi	r16, 0x01	; 1
    123a:	f0 f2       	brcs	.-68     	; 0x11f8 <.L27>

0000123c <.L8>:
    123c:	f1 f6       	brne	.-68     	; 0x11fa <.L9>
    123e:	6a 9a       	sbi	0x0d, 2	; 13
    1240:	11 30       	cpi	r17, 0x01	; 1
    1242:	e9 f6       	brne	.-70     	; 0x11fe <.L10>

00001244 <.L21>:
    1244:	69 98       	cbi	0x0d, 1	; 13
    1246:	68 98       	cbi	0x0d, 0	; 13
    1248:	02 c0       	rjmp	.+4      	; 0x124e <.L1>

0000124a <.L22>:
    124a:	69 98       	cbi	0x0d, 1	; 13
    124c:	68 9a       	sbi	0x0d, 0	; 13

0000124e <.L1>:
    124e:	2b 96       	adiw	r28, 0x0b	; 11
    1250:	0f b6       	in	r0, 0x3f	; 63
    1252:	f8 94       	cli
    1254:	de bf       	out	0x3e, r29	; 62
    1256:	0f be       	out	0x3f, r0	; 63
    1258:	cd bf       	out	0x3d, r28	; 61
    125a:	df 91       	pop	r29
    125c:	cf 91       	pop	r28
    125e:	1f 91       	pop	r17
    1260:	0f 91       	pop	r16
    1262:	08 95       	ret

00001264 <.L20>:
    1264:	40 e0       	ldi	r20, 0x00	; 0
    1266:	64 e0       	ldi	r22, 0x04	; 4
    1268:	81 e0       	ldi	r24, 0x01	; 1
    126a:	0e 94 0b 07 	call	0xe16	; 0xe16 <DIO_WritePin>
    126e:	40 e0       	ldi	r20, 0x00	; 0
    1270:	65 e0       	ldi	r22, 0x05	; 5
    1272:	81 e0       	ldi	r24, 0x01	; 1
    1274:	0e 94 0b 07 	call	0xe16	; 0xe16 <DIO_WritePin>
    1278:	41 e0       	ldi	r20, 0x01	; 1
    127a:	66 e0       	ldi	r22, 0x06	; 6
    127c:	81 e0       	ldi	r24, 0x01	; 1
    127e:	0e 94 0b 07 	call	0xe16	; 0xe16 <DIO_WritePin>
    1282:	40 e0       	ldi	r20, 0x00	; 0
    1284:	67 e0       	ldi	r22, 0x07	; 7
    1286:	81 e0       	ldi	r24, 0x01	; 1
    1288:	0e 94 0b 07 	call	0xe16	; 0xe16 <DIO_WritePin>
    128c:	40 e0       	ldi	r20, 0x00	; 0
    128e:	64 e0       	ldi	r22, 0x04	; 4
    1290:	81 e0       	ldi	r24, 0x01	; 1
    1292:	0e 94 0b 07 	call	0xe16	; 0xe16 <DIO_WritePin>
    1296:	a6 cf       	rjmp	.-180    	; 0x11e4 <.L3>

00001298 <.L19>:
    1298:	6c 9a       	sbi	0x0d, 4	; 13
    129a:	41 e0       	ldi	r20, 0x01	; 1
    129c:	64 e0       	ldi	r22, 0x04	; 4
    129e:	81 e0       	ldi	r24, 0x01	; 1
    12a0:	0e 94 0b 07 	call	0xe16	; 0xe16 <DIO_WritePin>
    12a4:	41 e0       	ldi	r20, 0x01	; 1
    12a6:	65 e0       	ldi	r22, 0x05	; 5
    12a8:	81 e0       	ldi	r24, 0x01	; 1
    12aa:	0e 94 0b 07 	call	0xe16	; 0xe16 <DIO_WritePin>
    12ae:	40 e0       	ldi	r20, 0x00	; 0
    12b0:	66 e0       	ldi	r22, 0x06	; 6
    12b2:	81 e0       	ldi	r24, 0x01	; 1
    12b4:	0e 94 0b 07 	call	0xe16	; 0xe16 <DIO_WritePin>
    12b8:	41 e0       	ldi	r20, 0x01	; 1
    12ba:	67 e0       	ldi	r22, 0x07	; 7
    12bc:	81 e0       	ldi	r24, 0x01	; 1
    12be:	0e 94 0b 07 	call	0xe16	; 0xe16 <DIO_WritePin>
    12c2:	41 e0       	ldi	r20, 0x01	; 1
    12c4:	64 e0       	ldi	r22, 0x04	; 4
    12c6:	81 e0       	ldi	r24, 0x01	; 1
    12c8:	0e 94 0b 07 	call	0xe16	; 0xe16 <DIO_WritePin>
    12cc:	8b cf       	rjmp	.-234    	; 0x11e4 <.L3>

000012ce <.L24>:
    12ce:	69 9a       	sbi	0x0d, 1	; 13
    12d0:	68 9a       	sbi	0x0d, 0	; 13
    12d2:	bd cf       	rjmp	.-134    	; 0x124e <.L1>

000012d4 <.L25>:
    12d4:	69 98       	cbi	0x0d, 1	; 13
    12d6:	68 98       	cbi	0x0d, 0	; 13
    12d8:	70 9a       	sbi	0x0e, 0	; 14
    12da:	b9 cf       	rjmp	.-142    	; 0x124e <.L1>

000012dc <.L16>:
    12dc:	17 30       	cpi	r17, 0x07	; 7
    12de:	51 f0       	breq	.+20     	; 0x12f4 <.L28>
    12e0:	18 30       	cpi	r17, 0x08	; 8
    12e2:	09 f0       	breq	.+2      	; 0x12e6 <L0^A+0x2>

000012e4 <L0^A>:
    12e4:	b4 cf       	rjmp	.-152    	; 0x124e <.L1>
    12e6:	69 9a       	sbi	0x0d, 1	; 13
    12e8:	68 9a       	sbi	0x0d, 0	; 13
    12ea:	70 9a       	sbi	0x0e, 0	; 14
    12ec:	b0 cf       	rjmp	.-160    	; 0x124e <.L1>

000012ee <.L23>:
    12ee:	69 9a       	sbi	0x0d, 1	; 13
    12f0:	68 98       	cbi	0x0d, 0	; 13
    12f2:	ad cf       	rjmp	.-166    	; 0x124e <.L1>

000012f4 <.L28>:
    12f4:	69 9a       	sbi	0x0d, 1	; 13
    12f6:	68 98       	cbi	0x0d, 0	; 13
    12f8:	70 9a       	sbi	0x0e, 0	; 14
    12fa:	a9 cf       	rjmp	.-174    	; 0x124e <.L1>

000012fc <SPI_EnableInterrupt>:
    12fc:	6f 9a       	sbi	0x0d, 7	; 13
    12fe:	08 95       	ret

00001300 <SPI_DisableInterrupt>:
    1300:	6f 98       	cbi	0x0d, 7	; 13
    1302:	08 95       	ret

00001304 <SPI_SendByteAsync>:
    1304:	8f b9       	out	0x0f, r24	; 15
    1306:	80 e0       	ldi	r24, 0x00	; 0
    1308:	08 95       	ret

0000130a <SPI_GetReceivedData>:
    130a:	77 9b       	sbis	0x0e, 7	; 14
    130c:	fe cf       	rjmp	.-4      	; 0x130a <SPI_GetReceivedData>
    130e:	8f b1       	in	r24, 0x0f	; 15
    1310:	08 95       	ret

00001312 <SPI_SetCallBack>:
    1312:	80 93 dc 00 	sts	0x00DC, r24	; 0x8000dc <SPI_pvCallBackFunc>
    1316:	90 93 dd 00 	sts	0x00DD, r25	; 0x8000dd <SPI_pvCallBackFunc+0x1>
    131a:	08 95       	ret

0000131c <__vector_12>:
    131c:	1f 92       	push	r1
    131e:	0f 92       	push	r0
    1320:	0f b6       	in	r0, 0x3f	; 63
    1322:	0f 92       	push	r0
    1324:	11 24       	eor	r1, r1
    1326:	2f 93       	push	r18
    1328:	3f 93       	push	r19
    132a:	4f 93       	push	r20
    132c:	5f 93       	push	r21
    132e:	6f 93       	push	r22
    1330:	7f 93       	push	r23
    1332:	8f 93       	push	r24
    1334:	9f 93       	push	r25
    1336:	af 93       	push	r26
    1338:	bf 93       	push	r27
    133a:	ef 93       	push	r30
    133c:	ff 93       	push	r31
    133e:	e0 91 dc 00 	lds	r30, 0x00DC	; 0x8000dc <SPI_pvCallBackFunc>
    1342:	f0 91 dd 00 	lds	r31, 0x00DD	; 0x8000dd <SPI_pvCallBackFunc+0x1>
    1346:	30 97       	sbiw	r30, 0x00	; 0
    1348:	09 f0       	breq	.+2      	; 0x134c <.L37>
    134a:	09 95       	icall

0000134c <.L37>:
    134c:	ff 91       	pop	r31
    134e:	ef 91       	pop	r30
    1350:	bf 91       	pop	r27
    1352:	af 91       	pop	r26
    1354:	9f 91       	pop	r25
    1356:	8f 91       	pop	r24
    1358:	7f 91       	pop	r23
    135a:	6f 91       	pop	r22
    135c:	5f 91       	pop	r21
    135e:	4f 91       	pop	r20
    1360:	3f 91       	pop	r19
    1362:	2f 91       	pop	r18
    1364:	0f 90       	pop	r0
    1366:	0f be       	out	0x3f, r0	; 63
    1368:	0f 90       	pop	r0
    136a:	1f 90       	pop	r1
    136c:	18 95       	reti

0000136e <SPI_Transfer>:
    136e:	8f b9       	out	0x0f, r24	; 15

00001370 <.L43>:
    1370:	77 9b       	sbis	0x0e, 7	; 14
    1372:	fe cf       	rjmp	.-4      	; 0x1370 <.L43>
    1374:	8f b1       	in	r24, 0x0f	; 15
    1376:	08 95       	ret

00001378 <UART_Init>:
    1378:	ef 92       	push	r14
    137a:	ff 92       	push	r15
    137c:	0f 93       	push	r16
    137e:	1f 93       	push	r17
    1380:	cf 93       	push	r28
    1382:	df 93       	push	r29
    1384:	cd b7       	in	r28, 0x3d	; 61
    1386:	de b7       	in	r29, 0x3e	; 62
    1388:	2b 97       	sbiw	r28, 0x0b	; 11
    138a:	0f b6       	in	r0, 0x3f	; 63
    138c:	f8 94       	cli
    138e:	de bf       	out	0x3e, r29	; 62
    1390:	0f be       	out	0x3f, r0	; 63
    1392:	cd bf       	out	0x3d, r28	; 61
    1394:	ae 2d       	mov	r26, r14
    1396:	e9 82       	std	Y+1, r14	; 0x01
    1398:	ff 2d       	mov	r31, r15
    139a:	fa 82       	std	Y+2, r15	; 0x02
    139c:	e0 2f       	mov	r30, r16
    139e:	0b 83       	std	Y+3, r16	; 0x03
    13a0:	91 2f       	mov	r25, r17
    13a2:	1c 83       	std	Y+4, r17	; 0x04
    13a4:	2d 83       	std	Y+5, r18	; 0x05
    13a6:	3e 83       	std	Y+6, r19	; 0x06
    13a8:	4f 83       	std	Y+7, r20	; 0x07
    13aa:	58 87       	std	Y+8, r21	; 0x08
    13ac:	06 2f       	mov	r16, r22
    13ae:	69 87       	std	Y+9, r22	; 0x09
    13b0:	67 2f       	mov	r22, r23
    13b2:	7a 87       	std	Y+10, r23	; 0x0a
    13b4:	18 2f       	mov	r17, r24
    13b6:	8b 87       	std	Y+11, r24	; 0x0b
    13b8:	2d 81       	ldd	r18, Y+5	; 0x05
    13ba:	3e 81       	ldd	r19, Y+6	; 0x06
    13bc:	4f 81       	ldd	r20, Y+7	; 0x07
    13be:	58 85       	ldd	r21, Y+8	; 0x08
    13c0:	e0 92 e0 00 	sts	0x00E0, r14	; 0x8000e0 <GlobaleUart_Config>
    13c4:	f0 92 e1 00 	sts	0x00E1, r15	; 0x8000e1 <GlobaleUart_Config+0x1>
    13c8:	e0 93 e2 00 	sts	0x00E2, r30	; 0x8000e2 <GlobaleUart_Config+0x2>
    13cc:	90 93 e3 00 	sts	0x00E3, r25	; 0x8000e3 <GlobaleUart_Config+0x3>
    13d0:	20 93 e4 00 	sts	0x00E4, r18	; 0x8000e4 <GlobaleUart_Config+0x4>
    13d4:	30 93 e5 00 	sts	0x00E5, r19	; 0x8000e5 <GlobaleUart_Config+0x5>
    13d8:	40 93 e6 00 	sts	0x00E6, r20	; 0x8000e6 <GlobaleUart_Config+0x6>
    13dc:	50 93 e7 00 	sts	0x00E7, r21	; 0x8000e7 <GlobaleUart_Config+0x7>
    13e0:	00 93 e8 00 	sts	0x00E8, r16	; 0x8000e8 <GlobaleUart_Config+0x8>
    13e4:	70 93 e9 00 	sts	0x00E9, r23	; 0x8000e9 <GlobaleUart_Config+0x9>
    13e8:	80 93 ea 00 	sts	0x00EA, r24	; 0x8000ea <GlobaleUart_Config+0xa>
    13ec:	80 ec       	ldi	r24, 0xC0	; 192
    13ee:	a1 30       	cpi	r26, 0x01	; 1
    13f0:	09 f0       	breq	.+2      	; 0x13f4 <.L2>
    13f2:	80 e8       	ldi	r24, 0x80	; 128

000013f4 <.L2>:
    13f4:	e1 30       	cpi	r30, 0x01	; 1
    13f6:	09 f4       	brne	.+2      	; 0x13fa <L0^A+0x2>

000013f8 <L0^A>:
    13f8:	74 c0       	rjmp	.+232    	; 0x14e2 <.L35>
    13fa:	e2 30       	cpi	r30, 0x02	; 2
    13fc:	09 f4       	brne	.+2      	; 0x1400 <.L4>

000013fe <L0^A>:
    13fe:	5a c0       	rjmp	.+180    	; 0x14b4 <.L36>

00001400 <.L4>:
    1400:	f1 30       	cpi	r31, 0x01	; 1
    1402:	09 f4       	brne	.+2      	; 0x1406 <.L5>

00001404 <L0^A>:
    1404:	5b c0       	rjmp	.+182    	; 0x14bc <.L37>

00001406 <.L5>:
    1406:	91 30       	cpi	r25, 0x01	; 1
    1408:	58 f0       	brcs	.+22     	; 0x1420 <.L6>
    140a:	09 f4       	brne	.+2      	; 0x140e <L0^A+0x2>

0000140c <L0^A>:
    140c:	6f c0       	rjmp	.+222    	; 0x14ec <.L38>
    140e:	92 30       	cpi	r25, 0x02	; 2
    1410:	09 f4       	brne	.+2      	; 0x1414 <L0^A+0x2>

00001412 <L0^A>:
    1412:	75 c0       	rjmp	.+234    	; 0x14fe <.L39>
    1414:	93 30       	cpi	r25, 0x03	; 3
    1416:	09 f4       	brne	.+2      	; 0x141a <L0^A+0x2>

00001418 <L0^A>:
    1418:	6b c0       	rjmp	.+214    	; 0x14f0 <.L29>
    141a:	97 30       	cpi	r25, 0x07	; 7
    141c:	09 f4       	brne	.+2      	; 0x1420 <.L6>

0000141e <L0^A>:
    141e:	68 c0       	rjmp	.+208    	; 0x14f0 <.L29>

00001420 <.L6>:
    1420:	80 bd       	out	0x20, r24	; 32
    1422:	61 30       	cpi	r22, 0x01	; 1
    1424:	e8 f5       	brcc	.+122    	; 0x14a0 <.L10>
    1426:	59 98       	cbi	0x0b, 1	; 11
    1428:	22 0f       	add	r18, r18
    142a:	33 1f       	adc	r19, r19
    142c:	44 1f       	adc	r20, r20
    142e:	55 1f       	adc	r21, r21
    1430:	22 0f       	add	r18, r18
    1432:	33 1f       	adc	r19, r19
    1434:	44 1f       	adc	r20, r20
    1436:	55 1f       	adc	r21, r21
    1438:	22 0f       	add	r18, r18
    143a:	33 1f       	adc	r19, r19
    143c:	44 1f       	adc	r20, r20
    143e:	55 1f       	adc	r21, r21
    1440:	22 0f       	add	r18, r18
    1442:	33 1f       	adc	r19, r19
    1444:	44 1f       	adc	r20, r20
    1446:	55 1f       	adc	r21, r21

00001448 <.L30>:
    1448:	60 e0       	ldi	r22, 0x00	; 0
    144a:	72 e1       	ldi	r23, 0x12	; 18
    144c:	8a e7       	ldi	r24, 0x7A	; 122
    144e:	90 e0       	ldi	r25, 0x00	; 0
    1450:	0e 94 50 0c 	call	0x18a0	; 0x18a0 <__udivmodsi4>
    1454:	21 50       	subi	r18, 0x01	; 1
    1456:	31 09       	sbc	r19, r1
    1458:	92 2f       	mov	r25, r18
    145a:	83 2f       	mov	r24, r19

0000145c <.L11>:
    145c:	99 b9       	out	0x09, r25	; 9
    145e:	80 bd       	out	0x20, r24	; 32
    1460:	57 98       	cbi	0x0a, 7	; 10
    1462:	56 98       	cbi	0x0a, 6	; 10
    1464:	55 98       	cbi	0x0a, 5	; 10
    1466:	11 50       	subi	r17, 0x01	; 1
    1468:	17 30       	cpi	r17, 0x07	; 7
    146a:	48 f4       	brcc	.+18     	; 0x147e <.L12>
    146c:	e1 2f       	mov	r30, r17
    146e:	f0 e0       	ldi	r31, 0x00	; 0
    1470:	e4 57       	subi	r30, 0x74	; 116
    1472:	f0 4f       	sbci	r31, 0xF0	; 240
    1474:	0c 94 72 0c 	jmp	0x18e4	; 0x18e4 <__tablejump2__>

00001478 <.L13>:
    1478:	56 9a       	sbi	0x0a, 6	; 10

0000147a <.L33>:
    147a:	57 9a       	sbi	0x0a, 7	; 10

0000147c <.L32>:
    147c:	55 9a       	sbi	0x0a, 5	; 10

0000147e <.L12>:
    147e:	01 30       	cpi	r16, 0x01	; 1
    1480:	98 f4       	brcc	.+38     	; 0x14a8 <.L21>
    1482:	54 9a       	sbi	0x0a, 4	; 10
    1484:	53 98       	cbi	0x0a, 3	; 10

00001486 <.L1>:
    1486:	2b 96       	adiw	r28, 0x0b	; 11
    1488:	0f b6       	in	r0, 0x3f	; 63
    148a:	f8 94       	cli
    148c:	de bf       	out	0x3e, r29	; 62
    148e:	0f be       	out	0x3f, r0	; 63
    1490:	cd bf       	out	0x3d, r28	; 61
    1492:	df 91       	pop	r29
    1494:	cf 91       	pop	r28
    1496:	1f 91       	pop	r17
    1498:	0f 91       	pop	r16
    149a:	ff 90       	pop	r15
    149c:	ef 90       	pop	r14
    149e:	08 95       	ret

000014a0 <.L10>:
    14a0:	79 f0       	breq	.+30     	; 0x14c0 <.L40>
    14a2:	80 e0       	ldi	r24, 0x00	; 0
    14a4:	90 e0       	ldi	r25, 0x00	; 0
    14a6:	da cf       	rjmp	.-76     	; 0x145c <.L11>

000014a8 <.L21>:
    14a8:	f1 f0       	breq	.+60     	; 0x14e6 <.L41>
    14aa:	02 30       	cpi	r16, 0x02	; 2
    14ac:	61 f7       	brne	.-40     	; 0x1486 <.L1>
    14ae:	54 9a       	sbi	0x0a, 4	; 10
    14b0:	53 9a       	sbi	0x0a, 3	; 10
    14b2:	e9 cf       	rjmp	.-46     	; 0x1486 <.L1>

000014b4 <.L36>:
    14b4:	80 63       	ori	r24, 0x30	; 48
    14b6:	f1 30       	cpi	r31, 0x01	; 1
    14b8:	09 f0       	breq	.+2      	; 0x14bc <.L37>

000014ba <L0^A>:
    14ba:	a5 cf       	rjmp	.-182    	; 0x1406 <.L5>

000014bc <.L37>:
    14bc:	88 60       	ori	r24, 0x08	; 8
    14be:	a3 cf       	rjmp	.-186    	; 0x1406 <.L5>

000014c0 <.L40>:
    14c0:	59 9a       	sbi	0x0b, 1	; 11
    14c2:	22 0f       	add	r18, r18
    14c4:	33 1f       	adc	r19, r19
    14c6:	44 1f       	adc	r20, r20
    14c8:	55 1f       	adc	r21, r21
    14ca:	22 0f       	add	r18, r18
    14cc:	33 1f       	adc	r19, r19
    14ce:	44 1f       	adc	r20, r20
    14d0:	55 1f       	adc	r21, r21
    14d2:	22 0f       	add	r18, r18
    14d4:	33 1f       	adc	r19, r19
    14d6:	44 1f       	adc	r20, r20
    14d8:	55 1f       	adc	r21, r21
    14da:	b6 cf       	rjmp	.-148    	; 0x1448 <.L30>

000014dc <.L17>:
    14dc:	57 9a       	sbi	0x0a, 7	; 10

000014de <.L31>:
    14de:	56 9a       	sbi	0x0a, 6	; 10
    14e0:	ce cf       	rjmp	.-100    	; 0x147e <.L12>

000014e2 <.L35>:
    14e2:	80 62       	ori	r24, 0x20	; 32
    14e4:	8d cf       	rjmp	.-230    	; 0x1400 <.L4>

000014e6 <.L41>:
    14e6:	53 9a       	sbi	0x0a, 3	; 10
    14e8:	54 98       	cbi	0x0a, 4	; 10
    14ea:	cd cf       	rjmp	.-102    	; 0x1486 <.L1>

000014ec <.L38>:
    14ec:	82 60       	ori	r24, 0x02	; 2
    14ee:	98 cf       	rjmp	.-208    	; 0x1420 <.L6>

000014f0 <.L29>:
    14f0:	86 60       	ori	r24, 0x06	; 6
    14f2:	96 cf       	rjmp	.-212    	; 0x1420 <.L6>

000014f4 <.L20>:
    14f4:	57 9a       	sbi	0x0a, 7	; 10
    14f6:	c3 cf       	rjmp	.-122    	; 0x147e <.L12>

000014f8 <.L15>:
    14f8:	56 9a       	sbi	0x0a, 6	; 10
    14fa:	55 9a       	sbi	0x0a, 5	; 10
    14fc:	c0 cf       	rjmp	.-128    	; 0x147e <.L12>

000014fe <.L39>:
    14fe:	84 60       	ori	r24, 0x04	; 4
    1500:	8f cf       	rjmp	.-226    	; 0x1420 <.L6>

00001502 <UART_SendBytePolling>:
    1502:	9c 01       	movw	r18, r24

00001504 <.L43>:
    1504:	5d 9b       	sbis	0x0b, 5	; 11
    1506:	fe cf       	rjmp	.-4      	; 0x1504 <.L43>
    1508:	80 91 e3 00 	lds	r24, 0x00E3	; 0x8000e3 <GlobaleUart_Config+0x3>
    150c:	89 30       	cpi	r24, 0x09	; 9
    150e:	11 f0       	breq	.+4      	; 0x1514 <.L52>

00001510 <.L45>:
    1510:	2c b9       	out	0x0c, r18	; 12
    1512:	08 95       	ret

00001514 <.L52>:
    1514:	50 98       	cbi	0x0a, 0	; 10
    1516:	30 ff       	sbrs	r19, 0
    1518:	fb cf       	rjmp	.-10     	; 0x1510 <.L45>
    151a:	50 9a       	sbi	0x0a, 0	; 10
    151c:	2c b9       	out	0x0c, r18	; 12
    151e:	08 95       	ret

00001520 <UART_ReceiveBytePolling>:
    1520:	5f 9b       	sbis	0x0b, 7	; 11
    1522:	fe cf       	rjmp	.-4      	; 0x1520 <UART_ReceiveBytePolling>
    1524:	80 91 e3 00 	lds	r24, 0x00E3	; 0x8000e3 <GlobaleUart_Config+0x3>
    1528:	89 30       	cpi	r24, 0x09	; 9
    152a:	09 f4       	brne	.+2      	; 0x152e <.L55>
    152c:	8a b1       	in	r24, 0x0a	; 10

0000152e <.L55>:
    152e:	8c b1       	in	r24, 0x0c	; 12
    1530:	8c b1       	in	r24, 0x0c	; 12
    1532:	90 e0       	ldi	r25, 0x00	; 0
    1534:	08 95       	ret

00001536 <UART_SendStringPolling>:
    1536:	dc 01       	movw	r26, r24
    1538:	9c 91       	ld	r25, X
    153a:	91 15       	cp	r25, r1
    153c:	81 f0       	breq	.+32     	; 0x155e <.L58>
    153e:	20 e0       	ldi	r18, 0x00	; 0
    1540:	80 91 e3 00 	lds	r24, 0x00E3	; 0x8000e3 <GlobaleUart_Config+0x3>

00001544 <.L60>:
    1544:	5d 9b       	sbis	0x0b, 5	; 11
    1546:	fe cf       	rjmp	.-4      	; 0x1544 <.L60>
    1548:	89 30       	cpi	r24, 0x09	; 9
    154a:	09 f4       	brne	.+2      	; 0x154e <.L61>
    154c:	50 98       	cbi	0x0a, 0	; 10

0000154e <.L61>:
    154e:	9c b9       	out	0x0c, r25	; 12
    1550:	2f 5f       	subi	r18, 0xFF	; 255
    1552:	fd 01       	movw	r30, r26
    1554:	e2 0f       	add	r30, r18
    1556:	f1 1d       	adc	r31, r1
    1558:	90 81       	ld	r25, Z
    155a:	91 11       	cpse	r25, r1
    155c:	f3 cf       	rjmp	.-26     	; 0x1544 <.L60>

0000155e <.L58>:
    155e:	08 95       	ret

00001560 <UART_ReceiveStringPolling>:
    1560:	dc 01       	movw	r26, r24
    1562:	89 2b       	or	r24, r25
    1564:	d9 f0       	breq	.+54     	; 0x159c <.L69>

00001566 <.L71>:
    1566:	5f 9b       	sbis	0x0b, 7	; 11
    1568:	fe cf       	rjmp	.-4      	; 0x1566 <.L71>
    156a:	80 91 e3 00 	lds	r24, 0x00E3	; 0x8000e3 <GlobaleUart_Config+0x3>
    156e:	89 30       	cpi	r24, 0x09	; 9
    1570:	b1 f0       	breq	.+44     	; 0x159e <.L86>
    1572:	9c b1       	in	r25, 0x0c	; 12
    1574:	9c b1       	in	r25, 0x0c	; 12
    1576:	9c 93       	st	X, r25
    1578:	69 17       	cp	r22, r25
    157a:	b9 f0       	breq	.+46     	; 0x15aa <.L77>

0000157c <.L87>:
    157c:	90 e0       	ldi	r25, 0x00	; 0

0000157e <.L76>:
    157e:	9f 5f       	subi	r25, 0xFF	; 255

00001580 <.L74>:
    1580:	5f 9b       	sbis	0x0b, 7	; 11
    1582:	fe cf       	rjmp	.-4      	; 0x1580 <.L74>
    1584:	89 30       	cpi	r24, 0x09	; 9
    1586:	09 f4       	brne	.+2      	; 0x158a <.L75>
    1588:	2a b1       	in	r18, 0x0a	; 10

0000158a <.L75>:
    158a:	2c b1       	in	r18, 0x0c	; 12
    158c:	2c b1       	in	r18, 0x0c	; 12
    158e:	fd 01       	movw	r30, r26
    1590:	e9 0f       	add	r30, r25
    1592:	f1 1d       	adc	r31, r1
    1594:	20 83       	st	Z, r18
    1596:	62 13       	cpse	r22, r18
    1598:	f2 cf       	rjmp	.-28     	; 0x157e <.L76>
    159a:	10 82       	st	Z, r1

0000159c <.L69>:
    159c:	08 95       	ret

0000159e <.L86>:
    159e:	9a b1       	in	r25, 0x0a	; 10
    15a0:	9c b1       	in	r25, 0x0c	; 12
    15a2:	9c b1       	in	r25, 0x0c	; 12
    15a4:	9c 93       	st	X, r25
    15a6:	69 13       	cpse	r22, r25
    15a8:	e9 cf       	rjmp	.-46     	; 0x157c <.L87>

000015aa <.L77>:
    15aa:	fd 01       	movw	r30, r26
    15ac:	10 82       	st	Z, r1
    15ae:	08 95       	ret

000015b0 <UART_SendBufferPolling>:
    15b0:	61 15       	cp	r22, r1
    15b2:	71 05       	cpc	r23, r1
    15b4:	79 f0       	breq	.+30     	; 0x15d4 <.L88>
    15b6:	fc 01       	movw	r30, r24
    15b8:	68 0f       	add	r22, r24
    15ba:	79 1f       	adc	r23, r25
    15bc:	90 91 e3 00 	lds	r25, 0x00E3	; 0x8000e3 <GlobaleUart_Config+0x3>

000015c0 <.L92>:
    15c0:	81 91       	ld	r24, Z+

000015c2 <.L90>:
    15c2:	5d 9b       	sbis	0x0b, 5	; 11
    15c4:	fe cf       	rjmp	.-4      	; 0x15c2 <.L90>
    15c6:	99 30       	cpi	r25, 0x09	; 9
    15c8:	09 f4       	brne	.+2      	; 0x15cc <.L91>
    15ca:	50 98       	cbi	0x0a, 0	; 10

000015cc <.L91>:
    15cc:	8c b9       	out	0x0c, r24	; 12
    15ce:	e6 17       	cp	r30, r22
    15d0:	f7 07       	cpc	r31, r23
    15d2:	b1 f7       	brne	.-20     	; 0x15c0 <.L92>

000015d4 <.L88>:
    15d4:	08 95       	ret

000015d6 <UART_ReceiveBytePolling_Timeout>:
    15d6:	cf 93       	push	r28
    15d8:	df 93       	push	r29
    15da:	00 d0       	rcall	.+0      	; 0x15dc <L0^A>

000015dc <L0^A>:
    15dc:	00 d0       	rcall	.+0      	; 0x15de <L0^A>

000015de <L0^A>:
    15de:	cd b7       	in	r28, 0x3d	; 61
    15e0:	de b7       	in	r29, 0x3e	; 62
    15e2:	89 83       	std	Y+1, r24	; 0x01
    15e4:	9a 83       	std	Y+2, r25	; 0x02
    15e6:	a4 e6       	ldi	r26, 0x64	; 100
    15e8:	b0 e0       	ldi	r27, 0x00	; 0
    15ea:	9a 01       	movw	r18, r20
    15ec:	ab 01       	movw	r20, r22
    15ee:	0e 94 78 0c 	call	0x18f0	; 0x18f0 <__muluhisi3>
    15f2:	ab 01       	movw	r20, r22
    15f4:	bc 01       	movw	r22, r24
    15f6:	e9 81       	ldd	r30, Y+1	; 0x01
    15f8:	fa 81       	ldd	r31, Y+2	; 0x02
    15fa:	eb 83       	std	Y+3, r30	; 0x03
    15fc:	fc 83       	std	Y+4, r31	; 0x04
    15fe:	20 e0       	ldi	r18, 0x00	; 0
    1600:	a0 e0       	ldi	r26, 0x00	; 0
    1602:	cd 01       	movw	r24, r26
    1604:	5f 99       	sbic	0x0b, 7	; 11
    1606:	27 c0       	rjmp	.+78     	; 0x1656 <.L101>

00001608 <.L100>:
    1608:	a0 e0       	ldi	r26, 0x00	; 0
    160a:	b0 e0       	ldi	r27, 0x00	; 0
    160c:	cd 01       	movw	r24, r26
    160e:	0b c0       	rjmp	.+22     	; 0x1626 <.L111>

00001610 <.L102>:
    1610:	01 96       	adiw	r24, 0x01	; 1
    1612:	a1 1d       	adc	r26, r1
    1614:	b1 1d       	adc	r27, r1
    1616:	ef ec       	ldi	r30, 0xCF	; 207
    1618:	f7 e0       	ldi	r31, 0x07	; 7

0000161a <.L1^B1>:
    161a:	31 97       	sbiw	r30, 0x01	; 1
    161c:	f1 f7       	brne	.-4      	; 0x161a <.L1^B1>
    161e:	00 c0       	rjmp	.+0      	; 0x1620 <L0^A>

00001620 <L0^A>:
    1620:	00 00       	nop
    1622:	5f 99       	sbic	0x0b, 7	; 11
    1624:	18 c0       	rjmp	.+48     	; 0x1656 <.L101>

00001626 <.L111>:
    1626:	84 17       	cp	r24, r20
    1628:	95 07       	cpc	r25, r21
    162a:	a6 07       	cpc	r26, r22
    162c:	b7 07       	cpc	r27, r23
    162e:	80 f3       	brcs	.-32     	; 0x1610 <.L102>

00001630 <.L105>:
    1630:	81 e0       	ldi	r24, 0x01	; 1
    1632:	21 15       	cp	r18, r1
    1634:	49 f0       	breq	.+18     	; 0x1648 <.L99>
    1636:	e9 81       	ldd	r30, Y+1	; 0x01
    1638:	fa 81       	ldd	r31, Y+2	; 0x02
    163a:	e2 0f       	add	r30, r18
    163c:	f1 1d       	adc	r31, r1
    163e:	e2 0f       	add	r30, r18
    1640:	f1 1d       	adc	r31, r1
    1642:	10 82       	st	Z, r1
    1644:	11 82       	std	Z+1, r1	; 0x01
    1646:	80 e0       	ldi	r24, 0x00	; 0

00001648 <.L99>:
    1648:	0f 90       	pop	r0
    164a:	0f 90       	pop	r0
    164c:	0f 90       	pop	r0
    164e:	0f 90       	pop	r0
    1650:	df 91       	pop	r29
    1652:	cf 91       	pop	r28
    1654:	08 95       	ret

00001656 <.L101>:
    1656:	84 17       	cp	r24, r20
    1658:	95 07       	cpc	r25, r21
    165a:	a6 07       	cpc	r26, r22
    165c:	b7 07       	cpc	r27, r23
    165e:	40 f7       	brcc	.-48     	; 0x1630 <.L105>

00001660 <.L106>:
    1660:	8c b1       	in	r24, 0x0c	; 12
    1662:	90 e0       	ldi	r25, 0x00	; 0
    1664:	eb 81       	ldd	r30, Y+3	; 0x03
    1666:	fc 81       	ldd	r31, Y+4	; 0x04
    1668:	80 83       	st	Z, r24
    166a:	11 82       	std	Z+1, r1	; 0x01
    166c:	8d 30       	cpi	r24, 0x0D	; 13
    166e:	91 05       	cpc	r25, r1
    1670:	69 f0       	breq	.+26     	; 0x168c <.L108>
    1672:	0a 97       	sbiw	r24, 0x0a	; 10
    1674:	59 f0       	breq	.+22     	; 0x168c <.L108>
    1676:	2f 5f       	subi	r18, 0xFF	; 255
    1678:	20 34       	cpi	r18, 0x40	; 64
    167a:	71 f0       	breq	.+28     	; 0x1698 <.L110>
    167c:	8b 81       	ldd	r24, Y+3	; 0x03
    167e:	9c 81       	ldd	r25, Y+4	; 0x04
    1680:	02 96       	adiw	r24, 0x02	; 2
    1682:	8b 83       	std	Y+3, r24	; 0x03
    1684:	9c 83       	std	Y+4, r25	; 0x04
    1686:	5f 9b       	sbis	0x0b, 7	; 11
    1688:	bf cf       	rjmp	.-130    	; 0x1608 <.L100>
    168a:	ea cf       	rjmp	.-44     	; 0x1660 <.L106>

0000168c <.L108>:
    168c:	eb 81       	ldd	r30, Y+3	; 0x03
    168e:	fc 81       	ldd	r31, Y+4	; 0x04
    1690:	10 82       	st	Z, r1
    1692:	11 82       	std	Z+1, r1	; 0x01
    1694:	80 e0       	ldi	r24, 0x00	; 0
    1696:	d8 cf       	rjmp	.-80     	; 0x1648 <.L99>

00001698 <.L110>:
    1698:	e9 81       	ldd	r30, Y+1	; 0x01
    169a:	fa 81       	ldd	r31, Y+2	; 0x02
    169c:	e2 58       	subi	r30, 0x82	; 130
    169e:	ff 4f       	sbci	r31, 0xFF	; 255
    16a0:	10 82       	st	Z, r1
    16a2:	11 82       	std	Z+1, r1	; 0x01
    16a4:	80 e0       	ldi	r24, 0x00	; 0
    16a6:	d0 cf       	rjmp	.-96     	; 0x1648 <.L99>

000016a8 <UART_ReceiveByteInterrupt>:
    16a8:	dc 01       	movw	r26, r24
    16aa:	90 91 de 00 	lds	r25, 0x00DE	; 0x8000de <RX_rear>
    16ae:	20 91 df 00 	lds	r18, 0x00DF	; 0x8000df <RX_front>
    16b2:	29 17       	cp	r18, r25
    16b4:	a9 f0       	breq	.+42     	; 0x16e0 <.L121>
    16b6:	e9 2f       	mov	r30, r25
    16b8:	f0 e0       	ldi	r31, 0x00	; 0
    16ba:	ee 0f       	add	r30, r30
    16bc:	ff 1f       	adc	r31, r31
    16be:	e1 51       	subi	r30, 0x11	; 17
    16c0:	ff 4f       	sbci	r31, 0xFF	; 255
    16c2:	20 81       	ld	r18, Z
    16c4:	31 81       	ldd	r19, Z+1	; 0x01
    16c6:	2d 93       	st	X+, r18
    16c8:	3d 93       	st	X+, r19
    16ca:	9f 5f       	subi	r25, 0xFF	; 255
    16cc:	90 34       	cpi	r25, 0x40	; 64
    16ce:	20 f4       	brcc	.+8      	; 0x16d8 <.L119>
    16d0:	90 93 de 00 	sts	0x00DE, r25	; 0x8000de <RX_rear>
    16d4:	81 e0       	ldi	r24, 0x01	; 1
    16d6:	08 95       	ret

000016d8 <.L119>:
    16d8:	10 92 de 00 	sts	0x00DE, r1	; 0x8000de <RX_rear>
    16dc:	81 e0       	ldi	r24, 0x01	; 1
    16de:	08 95       	ret

000016e0 <.L121>:
    16e0:	80 e0       	ldi	r24, 0x00	; 0
    16e2:	08 95       	ret

000016e4 <UART_EnableRX>:
    16e4:	54 9a       	sbi	0x0a, 4	; 10
    16e6:	08 95       	ret

000016e8 <UART_EnableTX>:
    16e8:	53 9a       	sbi	0x0a, 3	; 10
    16ea:	08 95       	ret

000016ec <UART_DisableRX>:
    16ec:	54 98       	cbi	0x0a, 4	; 10
    16ee:	08 95       	ret

000016f0 <UART_DisableTX>:
    16f0:	53 98       	cbi	0x0a, 3	; 10
    16f2:	08 95       	ret

000016f4 <UART_SendByteInterrupt>:
    16f4:	8c b9       	out	0x0c, r24	; 12
    16f6:	08 95       	ret

000016f8 <UART_EnableRXInterrupt>:
    16f8:	57 9a       	sbi	0x0a, 7	; 10
    16fa:	08 95       	ret

000016fc <UART_EnableTXInterrupt>:
    16fc:	56 9a       	sbi	0x0a, 6	; 10
    16fe:	08 95       	ret

00001700 <UART_EnableREInterrupt>:
    1700:	55 9a       	sbi	0x0a, 5	; 10
    1702:	08 95       	ret

00001704 <UART_DisableRXInterrupt>:
    1704:	57 98       	cbi	0x0a, 7	; 10
    1706:	08 95       	ret

00001708 <UART_DisableTXInterrupt>:
    1708:	56 98       	cbi	0x0a, 6	; 10
    170a:	08 95       	ret

0000170c <UART_DisableREInterrupt>:
    170c:	55 98       	cbi	0x0a, 5	; 10
    170e:	08 95       	ret

00001710 <UART_SetRXCallback>:
    1710:	08 95       	ret

00001712 <UART_SetTXCallback>:
    1712:	00 97       	sbiw	r24, 0x00	; 0
    1714:	21 f0       	breq	.+8      	; 0x171e <.L134>
    1716:	80 93 ed 00 	sts	0x00ED, r24	; 0x8000ed <PF_UartTX>
    171a:	90 93 ee 00 	sts	0x00EE, r25	; 0x8000ee <PF_UartTX+0x1>

0000171e <.L134>:
    171e:	08 95       	ret

00001720 <UART_SetRECallback>:
    1720:	00 97       	sbiw	r24, 0x00	; 0
    1722:	21 f0       	breq	.+8      	; 0x172c <.L139>
    1724:	80 93 eb 00 	sts	0x00EB, r24	; 0x8000eb <PF_UartRE>
    1728:	90 93 ec 00 	sts	0x00EC, r25	; 0x8000ec <PF_UartRE+0x1>

0000172c <.L139>:
    172c:	08 95       	ret

0000172e <__vector_13>:
    172e:	2f 93       	push	r18
    1730:	2f b7       	in	r18, 0x3f	; 63
    1732:	2f 93       	push	r18
    1734:	3f 93       	push	r19
    1736:	8f 93       	push	r24
    1738:	9f 93       	push	r25
    173a:	ef 93       	push	r30
    173c:	ff 93       	push	r31
    173e:	80 91 e3 00 	lds	r24, 0x00E3	; 0x8000e3 <GlobaleUart_Config+0x3>
    1742:	87 30       	cpi	r24, 0x07	; 7
    1744:	d9 f0       	breq	.+54     	; 0x177c <.L150>
    1746:	2c b1       	in	r18, 0x0c	; 12
    1748:	30 e0       	ldi	r19, 0x00	; 0

0000174a <.L146>:
    174a:	80 91 df 00 	lds	r24, 0x00DF	; 0x8000df <RX_front>
    174e:	e8 2f       	mov	r30, r24
    1750:	f0 e0       	ldi	r31, 0x00	; 0
    1752:	8f 5f       	subi	r24, 0xFF	; 255
    1754:	80 34       	cpi	r24, 0x40	; 64
    1756:	08 f0       	brcs	.+2      	; 0x175a <.L147>
    1758:	80 e0       	ldi	r24, 0x00	; 0

0000175a <.L147>:
    175a:	ee 0f       	add	r30, r30
    175c:	ff 1f       	adc	r31, r31
    175e:	e1 51       	subi	r30, 0x11	; 17
    1760:	ff 4f       	sbci	r31, 0xFF	; 255
    1762:	20 83       	st	Z, r18
    1764:	31 83       	std	Z+1, r19	; 0x01
    1766:	80 93 df 00 	sts	0x00DF, r24	; 0x8000df <RX_front>
    176a:	ff 91       	pop	r31
    176c:	ef 91       	pop	r30
    176e:	9f 91       	pop	r25
    1770:	8f 91       	pop	r24
    1772:	3f 91       	pop	r19
    1774:	2f 91       	pop	r18
    1776:	2f bf       	out	0x3f, r18	; 63
    1778:	2f 91       	pop	r18
    177a:	18 95       	reti

0000177c <.L150>:
    177c:	8a b1       	in	r24, 0x0a	; 10
    177e:	86 95       	lsr	r24
    1780:	2c b1       	in	r18, 0x0c	; 12
    1782:	30 e0       	ldi	r19, 0x00	; 0
    1784:	80 ff       	sbrs	r24, 0
    1786:	e1 cf       	rjmp	.-62     	; 0x174a <.L146>
    1788:	31 e0       	ldi	r19, 0x01	; 1
    178a:	df cf       	rjmp	.-66     	; 0x174a <.L146>

0000178c <__vector_15>:
    178c:	1f 92       	push	r1
    178e:	0f 92       	push	r0
    1790:	0f b6       	in	r0, 0x3f	; 63
    1792:	0f 92       	push	r0
    1794:	11 24       	eor	r1, r1
    1796:	2f 93       	push	r18
    1798:	3f 93       	push	r19
    179a:	4f 93       	push	r20
    179c:	5f 93       	push	r21
    179e:	6f 93       	push	r22
    17a0:	7f 93       	push	r23
    17a2:	8f 93       	push	r24
    17a4:	9f 93       	push	r25
    17a6:	af 93       	push	r26
    17a8:	bf 93       	push	r27
    17aa:	ef 93       	push	r30
    17ac:	ff 93       	push	r31
    17ae:	e0 91 ed 00 	lds	r30, 0x00ED	; 0x8000ed <PF_UartTX>
    17b2:	f0 91 ee 00 	lds	r31, 0x00EE	; 0x8000ee <PF_UartTX+0x1>
    17b6:	30 97       	sbiw	r30, 0x00	; 0
    17b8:	09 f0       	breq	.+2      	; 0x17bc <.L151>
    17ba:	09 95       	icall

000017bc <.L151>:
    17bc:	ff 91       	pop	r31
    17be:	ef 91       	pop	r30
    17c0:	bf 91       	pop	r27
    17c2:	af 91       	pop	r26
    17c4:	9f 91       	pop	r25
    17c6:	8f 91       	pop	r24
    17c8:	7f 91       	pop	r23
    17ca:	6f 91       	pop	r22
    17cc:	5f 91       	pop	r21
    17ce:	4f 91       	pop	r20
    17d0:	3f 91       	pop	r19
    17d2:	2f 91       	pop	r18
    17d4:	0f 90       	pop	r0
    17d6:	0f be       	out	0x3f, r0	; 63
    17d8:	0f 90       	pop	r0
    17da:	1f 90       	pop	r1
    17dc:	18 95       	reti

000017de <__vector_14>:
    17de:	1f 92       	push	r1
    17e0:	0f 92       	push	r0
    17e2:	0f b6       	in	r0, 0x3f	; 63
    17e4:	0f 92       	push	r0
    17e6:	11 24       	eor	r1, r1
    17e8:	2f 93       	push	r18
    17ea:	3f 93       	push	r19
    17ec:	4f 93       	push	r20
    17ee:	5f 93       	push	r21
    17f0:	6f 93       	push	r22
    17f2:	7f 93       	push	r23
    17f4:	8f 93       	push	r24
    17f6:	9f 93       	push	r25
    17f8:	af 93       	push	r26
    17fa:	bf 93       	push	r27
    17fc:	ef 93       	push	r30
    17fe:	ff 93       	push	r31
    1800:	e0 91 eb 00 	lds	r30, 0x00EB	; 0x8000eb <PF_UartRE>
    1804:	f0 91 ec 00 	lds	r31, 0x00EC	; 0x8000ec <PF_UartRE+0x1>
    1808:	30 97       	sbiw	r30, 0x00	; 0
    180a:	09 f0       	breq	.+2      	; 0x180e <.L156>
    180c:	09 95       	icall

0000180e <.L156>:
    180e:	ff 91       	pop	r31
    1810:	ef 91       	pop	r30
    1812:	bf 91       	pop	r27
    1814:	af 91       	pop	r26
    1816:	9f 91       	pop	r25
    1818:	8f 91       	pop	r24
    181a:	7f 91       	pop	r23
    181c:	6f 91       	pop	r22
    181e:	5f 91       	pop	r21
    1820:	4f 91       	pop	r20
    1822:	3f 91       	pop	r19
    1824:	2f 91       	pop	r18
    1826:	0f 90       	pop	r0
    1828:	0f be       	out	0x3f, r0	; 63
    182a:	0f 90       	pop	r0
    182c:	1f 90       	pop	r1
    182e:	18 95       	reti

00001830 <main>:
    1830:	cd b7       	in	r28, 0x3d	; 61
    1832:	de b7       	in	r29, 0x3e	; 62
    1834:	c4 56       	subi	r28, 0x64	; 100
    1836:	d1 09       	sbc	r29, r1
    1838:	0f b6       	in	r0, 0x3f	; 63
    183a:	f8 94       	cli
    183c:	de bf       	out	0x3e, r29	; 62
    183e:	0f be       	out	0x3f, r0	; 63
    1840:	cd bf       	out	0x3d, r28	; 61
    1842:	8e 01       	movw	r16, r28
    1844:	0f 5f       	subi	r16, 0xFF	; 255
    1846:	1f 4f       	sbci	r17, 0xFF	; 255
    1848:	84 e6       	ldi	r24, 0x64	; 100
    184a:	f8 01       	movw	r30, r16

0000184c <.L0^B1>:
    184c:	11 92       	st	Z+, r1
    184e:	8a 95       	dec	r24
    1850:	e9 f7       	brne	.-6      	; 0x184c <.L0^B1>
    1852:	0e 94 49 00 	call	0x92	; 0x92 <Bluetooth_Init>
    1856:	84 e8       	ldi	r24, 0x84	; 132
    1858:	90 e0       	ldi	r25, 0x00	; 0
    185a:	0e 94 83 00 	call	0x106	; 0x106 <Bluetooth_SendString>
    185e:	8e e9       	ldi	r24, 0x9E	; 158
    1860:	90 e0       	ldi	r25, 0x00	; 0
    1862:	0e 94 83 00 	call	0x106	; 0x106 <Bluetooth_SendString>

00001866 <.L2>:
    1866:	8b eb       	ldi	r24, 0xBB	; 187
    1868:	90 e0       	ldi	r25, 0x00	; 0
    186a:	0e 94 83 00 	call	0x106	; 0x106 <Bluetooth_SendString>
    186e:	6d e0       	ldi	r22, 0x0D	; 13
    1870:	c8 01       	movw	r24, r16
    1872:	0e 94 89 00 	call	0x112	; 0x112 <Bluetooth_ReceiveString>
    1876:	8a ec       	ldi	r24, 0xCA	; 202
    1878:	90 e0       	ldi	r25, 0x00	; 0
    187a:	0e 94 83 00 	call	0x106	; 0x106 <Bluetooth_SendString>
    187e:	c8 01       	movw	r24, r16
    1880:	0e 94 83 00 	call	0x106	; 0x106 <Bluetooth_SendString>
    1884:	8b e9       	ldi	r24, 0x9B	; 155
    1886:	90 e0       	ldi	r25, 0x00	; 0
    1888:	0e 94 83 00 	call	0x106	; 0x106 <Bluetooth_SendString>
    188c:	ff ef       	ldi	r31, 0xFF	; 255
    188e:	24 e3       	ldi	r18, 0x34	; 52
    1890:	8c e0       	ldi	r24, 0x0C	; 12

00001892 <.L1^B1>:
    1892:	f1 50       	subi	r31, 0x01	; 1
    1894:	20 40       	sbci	r18, 0x00	; 0
    1896:	80 40       	sbci	r24, 0x00	; 0
    1898:	e1 f7       	brne	.-8      	; 0x1892 <.L1^B1>
    189a:	00 c0       	rjmp	.+0      	; 0x189c <L0^A>

0000189c <L0^A>:
    189c:	00 00       	nop
    189e:	e3 cf       	rjmp	.-58     	; 0x1866 <.L2>

000018a0 <__udivmodsi4>:
    18a0:	a1 e2       	ldi	r26, 0x21	; 33

000018a2 <.Loc.1>:
    18a2:	1a 2e       	mov	r1, r26

000018a4 <.Loc.2>:
    18a4:	aa 1b       	sub	r26, r26

000018a6 <.Loc.3>:
    18a6:	bb 1b       	sub	r27, r27

000018a8 <.Loc.4>:
    18a8:	fd 01       	movw	r30, r26

000018aa <.Loc.5>:
    18aa:	0d c0       	rjmp	.+26     	; 0x18c6 <__udivmodsi4_ep>

000018ac <__udivmodsi4_loop>:
    18ac:	aa 1f       	adc	r26, r26

000018ae <.Loc.7>:
    18ae:	bb 1f       	adc	r27, r27

000018b0 <.Loc.8>:
    18b0:	ee 1f       	adc	r30, r30

000018b2 <.Loc.9>:
    18b2:	ff 1f       	adc	r31, r31

000018b4 <.Loc.10>:
    18b4:	a2 17       	cp	r26, r18

000018b6 <.Loc.11>:
    18b6:	b3 07       	cpc	r27, r19

000018b8 <.Loc.12>:
    18b8:	e4 07       	cpc	r30, r20

000018ba <.Loc.13>:
    18ba:	f5 07       	cpc	r31, r21

000018bc <.Loc.14>:
    18bc:	20 f0       	brcs	.+8      	; 0x18c6 <__udivmodsi4_ep>

000018be <.Loc.15>:
    18be:	a2 1b       	sub	r26, r18

000018c0 <.Loc.16>:
    18c0:	b3 0b       	sbc	r27, r19

000018c2 <.Loc.17>:
    18c2:	e4 0b       	sbc	r30, r20

000018c4 <.Loc.18>:
    18c4:	f5 0b       	sbc	r31, r21

000018c6 <__udivmodsi4_ep>:
    18c6:	66 1f       	adc	r22, r22

000018c8 <.Loc.20>:
    18c8:	77 1f       	adc	r23, r23

000018ca <.Loc.21>:
    18ca:	88 1f       	adc	r24, r24

000018cc <.Loc.22>:
    18cc:	99 1f       	adc	r25, r25

000018ce <.Loc.23>:
    18ce:	1a 94       	dec	r1

000018d0 <.Loc.24>:
    18d0:	69 f7       	brne	.-38     	; 0x18ac <__udivmodsi4_loop>

000018d2 <.Loc.25>:
    18d2:	60 95       	com	r22

000018d4 <.Loc.26>:
    18d4:	70 95       	com	r23

000018d6 <.Loc.27>:
    18d6:	80 95       	com	r24

000018d8 <.Loc.28>:
    18d8:	90 95       	com	r25

000018da <.Loc.29>:
    18da:	9b 01       	movw	r18, r22

000018dc <.Loc.30>:
    18dc:	ac 01       	movw	r20, r24

000018de <.Loc.31>:
    18de:	bd 01       	movw	r22, r26

000018e0 <.Loc.32>:
    18e0:	cf 01       	movw	r24, r30

000018e2 <.Loc.33>:
    18e2:	08 95       	ret

000018e4 <__tablejump2__>:
    18e4:	ee 0f       	add	r30, r30

000018e6 <.Loc.1>:
    18e6:	ff 1f       	adc	r31, r31

000018e8 <.Loc.2>:
    18e8:	05 90       	lpm	r0, Z+

000018ea <.Loc.3>:
    18ea:	f4 91       	lpm	r31, Z

000018ec <.Loc.4>:
    18ec:	e0 2d       	mov	r30, r0

000018ee <.Loc.5>:
    18ee:	09 94       	ijmp

000018f0 <__muluhisi3>:
    18f0:	0e 94 83 0c 	call	0x1906	; 0x1906 <__umulhisi3>

000018f4 <.Loc.1>:
    18f4:	a5 9f       	mul	r26, r21

000018f6 <.Loc.2>:
    18f6:	90 0d       	add	r25, r0

000018f8 <.Loc.3>:
    18f8:	b4 9f       	mul	r27, r20

000018fa <.Loc.4>:
    18fa:	90 0d       	add	r25, r0

000018fc <.Loc.5>:
    18fc:	a4 9f       	mul	r26, r20

000018fe <.Loc.6>:
    18fe:	80 0d       	add	r24, r0

00001900 <.Loc.7>:
    1900:	91 1d       	adc	r25, r1

00001902 <.Loc.8>:
    1902:	11 24       	eor	r1, r1

00001904 <.Loc.9>:
    1904:	08 95       	ret

00001906 <__umulhisi3>:
    1906:	a2 9f       	mul	r26, r18

00001908 <.Loc.1>:
    1908:	b0 01       	movw	r22, r0

0000190a <.Loc.2>:
    190a:	b3 9f       	mul	r27, r19

0000190c <.Loc.3>:
    190c:	c0 01       	movw	r24, r0

0000190e <.Loc.4>:
    190e:	a3 9f       	mul	r26, r19

00001910 <.Loc.5>:
    1910:	70 0d       	add	r23, r0

00001912 <.Loc.6>:
    1912:	81 1d       	adc	r24, r1

00001914 <.Loc.7>:
    1914:	11 24       	eor	r1, r1

00001916 <.Loc.8>:
    1916:	91 1d       	adc	r25, r1

00001918 <.Loc.9>:
    1918:	b2 9f       	mul	r27, r18

0000191a <.Loc.10>:
    191a:	70 0d       	add	r23, r0

0000191c <.Loc.11>:
    191c:	81 1d       	adc	r24, r1

0000191e <.Loc.12>:
    191e:	11 24       	eor	r1, r1

00001920 <.Loc.13>:
    1920:	91 1d       	adc	r25, r1

00001922 <.Loc.14>:
    1922:	08 95       	ret

00001924 <sprintf>:
    1924:	ae e0       	ldi	r26, 0x0E	; 14
    1926:	b0 e0       	ldi	r27, 0x00	; 0
    1928:	e8 e9       	ldi	r30, 0x98	; 152
    192a:	fc e0       	ldi	r31, 0x0C	; 12
    192c:	0c 94 63 0f 	jmp	0x1ec6	; 0x1ec6 <.Loc.16>

00001930 <.L1^B1>:
    1930:	86 e0       	ldi	r24, 0x06	; 6
    1932:	8c 83       	std	Y+4, r24	; 0x04
    1934:	2b 89       	ldd	r18, Y+19	; 0x13
    1936:	3c 89       	ldd	r19, Y+20	; 0x14
    1938:	29 83       	std	Y+1, r18	; 0x01
    193a:	3a 83       	std	Y+2, r19	; 0x02
    193c:	8f ef       	ldi	r24, 0xFF	; 255
    193e:	9f e7       	ldi	r25, 0x7F	; 127
    1940:	8d 83       	std	Y+5, r24	; 0x05
    1942:	9e 83       	std	Y+6, r25	; 0x06
    1944:	ae 01       	movw	r20, r28
    1946:	49 5e       	subi	r20, 0xE9	; 233
    1948:	5f 4f       	sbci	r21, 0xFF	; 255
    194a:	6d 89       	ldd	r22, Y+21	; 0x15
    194c:	7e 89       	ldd	r23, Y+22	; 0x16
    194e:	ce 01       	movw	r24, r28
    1950:	01 96       	adiw	r24, 0x01	; 1
    1952:	0e 94 b6 0c 	call	0x196c	; 0x196c <vfprintf>
    1956:	ef 81       	ldd	r30, Y+7	; 0x07
    1958:	f8 85       	ldd	r31, Y+8	; 0x08
    195a:	2b 89       	ldd	r18, Y+19	; 0x13
    195c:	3c 89       	ldd	r19, Y+20	; 0x14
    195e:	e2 0f       	add	r30, r18
    1960:	f3 1f       	adc	r31, r19
    1962:	10 82       	st	Z, r1
    1964:	2e 96       	adiw	r28, 0x0e	; 14
    1966:	e2 e0       	ldi	r30, 0x02	; 2
    1968:	0c 94 7f 0f 	jmp	0x1efe	; 0x1efe <.Loc.16>

0000196c <vfprintf>:
    196c:	ab e0       	ldi	r26, 0x0B	; 11
    196e:	b0 e0       	ldi	r27, 0x00	; 0
    1970:	ec eb       	ldi	r30, 0xBC	; 188
    1972:	fc e0       	ldi	r31, 0x0C	; 12
    1974:	0c 94 56 0f 	jmp	0x1eac	; 0x1eac <.Loc.3>

00001978 <.L1^B1>:
    1978:	6c 01       	movw	r12, r24
    197a:	7b 01       	movw	r14, r22
    197c:	8a 01       	movw	r16, r20
    197e:	fc 01       	movw	r30, r24
    1980:	16 82       	std	Z+6, r1	; 0x06
    1982:	17 82       	std	Z+7, r1	; 0x07
    1984:	83 81       	ldd	r24, Z+3	; 0x03
    1986:	81 ff       	sbrs	r24, 1
    1988:	df c1       	rjmp	.+958    	; 0x1d48 <.L80>
    198a:	3a e0       	ldi	r19, 0x0A	; 10
    198c:	53 2e       	mov	r5, r19

0000198e <.L3>:
    198e:	f6 01       	movw	r30, r12
    1990:	23 81       	ldd	r18, Z+3	; 0x03
    1992:	f7 01       	movw	r30, r14
    1994:	23 fd       	sbrc	r18, 3
    1996:	85 91       	lpm	r24, Z+
    1998:	23 ff       	sbrs	r18, 3
    199a:	81 91       	ld	r24, Z+
    199c:	7f 01       	movw	r14, r30
    199e:	81 15       	cp	r24, r1
    19a0:	09 f4       	brne	.+2      	; 0x19a4 <L0^A+0x2>

000019a2 <L0^A>:
    19a2:	37 c1       	rjmp	.+622    	; 0x1c12 <.L4>
    19a4:	85 32       	cpi	r24, 0x25	; 37
    19a6:	39 f4       	brne	.+14     	; 0x19b6 <.L5>
    19a8:	23 fd       	sbrc	r18, 3
    19aa:	95 91       	lpm	r25, Z+
    19ac:	23 ff       	sbrs	r18, 3
    19ae:	91 91       	ld	r25, Z+
    19b0:	7f 01       	movw	r14, r30
    19b2:	95 32       	cpi	r25, 0x25	; 37
    19b4:	29 f4       	brne	.+10     	; 0x19c0 <.L81>

000019b6 <.L5>:
    19b6:	b6 01       	movw	r22, r12
    19b8:	90 e0       	ldi	r25, 0x00	; 0
    19ba:	0e 94 bd 0e 	call	0x1d7a	; 0x1d7a <fputc>
    19be:	e7 cf       	rjmp	.-50     	; 0x198e <.L3>

000019c0 <.L81>:
    19c0:	30 e0       	ldi	r19, 0x00	; 0
    19c2:	91 2c       	mov	r9, r1
    19c4:	61 2c       	mov	r6, r1
    19c6:	71 2c       	mov	r7, r1

000019c8 <.L6>:
    19c8:	f0 e2       	ldi	r31, 0x20	; 32
    19ca:	7f 16       	cp	r7, r31
    19cc:	40 f5       	brcc	.+80     	; 0x1a1e <.L8>
    19ce:	9b 32       	cpi	r25, 0x2B	; 43
    19d0:	d9 f0       	breq	.+54     	; 0x1a08 <.L9>
    19d2:	58 f4       	brcc	.+22     	; 0x19ea <.L10>
    19d4:	90 32       	cpi	r25, 0x20	; 32
    19d6:	d1 f0       	breq	.+52     	; 0x1a0c <.L11>
    19d8:	93 32       	cpi	r25, 0x23	; 35
    19da:	f1 f0       	breq	.+60     	; 0x1a18 <.L12>

000019dc <.L13>:
    19dc:	9e 32       	cpi	r25, 0x2E	; 46
    19de:	91 f5       	brne	.+100    	; 0x1a44 <.L19>
    19e0:	76 fc       	sbrc	r7, 6
    19e2:	17 c1       	rjmp	.+558    	; 0x1c12 <.L4>
    19e4:	68 94       	set
    19e6:	76 f8       	bld	r7, 6
    19e8:	06 c0       	rjmp	.+12     	; 0x19f6 <.L16>

000019ea <.L10>:
    19ea:	9d 32       	cpi	r25, 0x2D	; 45
    19ec:	91 f0       	breq	.+36     	; 0x1a12 <.L14>
    19ee:	90 33       	cpi	r25, 0x30	; 48
    19f0:	c1 f4       	brne	.+48     	; 0x1a22 <.L15>
    19f2:	68 94       	set
    19f4:	70 f8       	bld	r7, 0

000019f6 <.L16>:
    19f6:	f7 01       	movw	r30, r14
    19f8:	23 fd       	sbrc	r18, 3
    19fa:	95 91       	lpm	r25, Z+
    19fc:	23 ff       	sbrs	r18, 3
    19fe:	91 91       	ld	r25, Z+
    1a00:	7f 01       	movw	r14, r30
    1a02:	91 11       	cpse	r25, r1
    1a04:	e1 cf       	rjmp	.-62     	; 0x19c8 <.L6>
    1a06:	28 c0       	rjmp	.+80     	; 0x1a58 <.L17>

00001a08 <.L9>:
    1a08:	68 94       	set
    1a0a:	71 f8       	bld	r7, 1

00001a0c <.L11>:
    1a0c:	68 94       	set
    1a0e:	72 f8       	bld	r7, 2
    1a10:	f2 cf       	rjmp	.-28     	; 0x19f6 <.L16>

00001a12 <.L14>:
    1a12:	68 94       	set
    1a14:	73 f8       	bld	r7, 3
    1a16:	ef cf       	rjmp	.-34     	; 0x19f6 <.L16>

00001a18 <.L12>:
    1a18:	68 94       	set
    1a1a:	74 f8       	bld	r7, 4
    1a1c:	ec cf       	rjmp	.-40     	; 0x19f6 <.L16>

00001a1e <.L8>:
    1a1e:	77 fc       	sbrc	r7, 7
    1a20:	1b c0       	rjmp	.+54     	; 0x1a58 <.L17>

00001a22 <.L15>:
    1a22:	80 ed       	ldi	r24, 0xD0	; 208
    1a24:	89 0f       	add	r24, r25
    1a26:	8a 30       	cpi	r24, 0x0A	; 10
    1a28:	c8 f6       	brcc	.-78     	; 0x19dc <.L13>
    1a2a:	76 fe       	sbrs	r7, 6
    1a2c:	05 c0       	rjmp	.+10     	; 0x1a38 <.L18>
    1a2e:	95 9c       	mul	r9, r5
    1a30:	80 0d       	add	r24, r0
    1a32:	11 24       	eor	r1, r1
    1a34:	98 2e       	mov	r9, r24
    1a36:	df cf       	rjmp	.-66     	; 0x19f6 <.L16>

00001a38 <.L18>:
    1a38:	65 9c       	mul	r6, r5
    1a3a:	80 0d       	add	r24, r0
    1a3c:	11 24       	eor	r1, r1
    1a3e:	68 2e       	mov	r6, r24
    1a40:	7f 2a       	or	r7, r31
    1a42:	d9 cf       	rjmp	.-78     	; 0x19f6 <.L16>

00001a44 <.L19>:
    1a44:	9c 36       	cpi	r25, 0x6C	; 108
    1a46:	19 f4       	brne	.+6      	; 0x1a4e <.L20>
    1a48:	68 94       	set
    1a4a:	77 f8       	bld	r7, 7
    1a4c:	d4 cf       	rjmp	.-88     	; 0x19f6 <.L16>

00001a4e <.L20>:
    1a4e:	9c 34       	cpi	r25, 0x4C	; 76
    1a50:	09 f4       	brne	.+2      	; 0x1a54 <L0^A+0x2>

00001a52 <L0^A>:
    1a52:	45 c0       	rjmp	.+138    	; 0x1ade <.L82>
    1a54:	98 36       	cpi	r25, 0x68	; 104
    1a56:	79 f2       	breq	.-98     	; 0x19f6 <.L16>

00001a58 <.L17>:
    1a58:	89 2f       	mov	r24, r25
    1a5a:	8f 7d       	andi	r24, 0xDF	; 223
    1a5c:	85 54       	subi	r24, 0x45	; 69
    1a5e:	83 30       	cpi	r24, 0x03	; 3
    1a60:	08 f4       	brcc	.+2      	; 0x1a64 <L0^A+0x2>

00001a62 <L0^A>:
    1a62:	3f c0       	rjmp	.+126    	; 0x1ae2 <.L21>
    1a64:	93 36       	cpi	r25, 0x63	; 99
    1a66:	09 f4       	brne	.+2      	; 0x1a6a <L0^A+0x2>

00001a68 <L0^A>:
    1a68:	61 c0       	rjmp	.+194    	; 0x1b2c <.L22>
    1a6a:	93 37       	cpi	r25, 0x73	; 115
    1a6c:	09 f4       	brne	.+2      	; 0x1a70 <L0^A+0x2>

00001a6e <L0^A>:
    1a6e:	6b c0       	rjmp	.+214    	; 0x1b46 <.L23>
    1a70:	93 35       	cpi	r25, 0x53	; 83
    1a72:	09 f4       	brne	.+2      	; 0x1a76 <L0^A+0x2>

00001a74 <L0^A>:
    1a74:	77 c0       	rjmp	.+238    	; 0x1b64 <.L24>
    1a76:	94 36       	cpi	r25, 0x64	; 100
    1a78:	19 f0       	breq	.+6      	; 0x1a80 <.L39>
    1a7a:	99 36       	cpi	r25, 0x69	; 105
    1a7c:	09 f0       	breq	.+2      	; 0x1a80 <.L39>

00001a7e <L0^A>:
    1a7e:	a4 c0       	rjmp	.+328    	; 0x1bc8 <.L40>

00001a80 <.L39>:
    1a80:	f8 01       	movw	r30, r16
    1a82:	77 fe       	sbrs	r7, 7
    1a84:	9a c0       	rjmp	.+308    	; 0x1bba <.L41>
    1a86:	61 91       	ld	r22, Z+
    1a88:	71 91       	ld	r23, Z+
    1a8a:	81 91       	ld	r24, Z+
    1a8c:	91 91       	ld	r25, Z+

00001a8e <.L126>:
    1a8e:	8f 01       	movw	r16, r30
    1a90:	27 2d       	mov	r18, r7
    1a92:	2f 76       	andi	r18, 0x6F	; 111
    1a94:	82 2e       	mov	r8, r18
    1a96:	97 ff       	sbrs	r25, 7
    1a98:	04 c0       	rjmp	.+8      	; 0x1aa2 <.L43>
    1a9a:	0e 94 4b 0f 	call	0x1e96	; 0x1e96 <__negsi2>
    1a9e:	68 94       	set
    1aa0:	87 f8       	bld	r8, 7

00001aa2 <.L43>:
    1aa2:	2a e0       	ldi	r18, 0x0A	; 10
    1aa4:	30 e0       	ldi	r19, 0x00	; 0
    1aa6:	5e 01       	movw	r10, r28
    1aa8:	4f ef       	ldi	r20, 0xFF	; 255
    1aaa:	a4 1a       	sub	r10, r20
    1aac:	b4 0a       	sbc	r11, r20
    1aae:	a5 01       	movw	r20, r10
    1ab0:	0e 94 ed 0e 	call	0x1dda	; 0x1dda <__ultoa_invert>
    1ab4:	78 2e       	mov	r7, r24
    1ab6:	7a 18       	sub	r7, r10

00001ab8 <.L44>:
    1ab8:	86 fe       	sbrs	r8, 6
    1aba:	cf c0       	rjmp	.+414    	; 0x1c5a <.L54>
    1abc:	88 2d       	mov	r24, r8
    1abe:	8e 7f       	andi	r24, 0xFE	; 254
    1ac0:	79 14       	cp	r7, r9
    1ac2:	08 f0       	brcs	.+2      	; 0x1ac6 <L0^A+0x2>

00001ac4 <L0^A>:
    1ac4:	c9 c0       	rjmp	.+402    	; 0x1c58 <.L88>
    1ac6:	84 fe       	sbrs	r8, 4
    1ac8:	1d c1       	rjmp	.+570    	; 0x1d04 <.L89>
    1aca:	82 fc       	sbrc	r8, 2
    1acc:	11 c1       	rjmp	.+546    	; 0x1cf0 <.L90>
    1ace:	2e ee       	ldi	r18, 0xEE	; 238
    1ad0:	82 22       	and	r8, r18
    1ad2:	b9 2c       	mov	r11, r9

00001ad4 <.L55>:
    1ad4:	88 2d       	mov	r24, r8
    1ad6:	86 78       	andi	r24, 0x86	; 134
    1ad8:	09 f4       	brne	.+2      	; 0x1adc <L0^A+0x2>

00001ada <L0^A>:
    1ada:	cb c0       	rjmp	.+406    	; 0x1c72 <.L58>
    1adc:	0e c1       	rjmp	.+540    	; 0x1cfa <.L128>

00001ade <.L82>:
    1ade:	31 e0       	ldi	r19, 0x01	; 1
    1ae0:	8a cf       	rjmp	.-236    	; 0x19f6 <.L16>

00001ae2 <.L21>:
    1ae2:	31 15       	cp	r19, r1
    1ae4:	01 f1       	breq	.+64     	; 0x1b26 <.L26>
    1ae6:	08 5f       	subi	r16, 0xF8	; 248
    1ae8:	1f 4f       	sbci	r17, 0xFF	; 255

00001aea <.L27>:
    1aea:	8f e3       	ldi	r24, 0x3F	; 63
    1aec:	89 83       	std	Y+1, r24	; 0x01
    1aee:	21 e0       	ldi	r18, 0x01	; 1
    1af0:	82 2e       	mov	r8, r18
    1af2:	91 2c       	mov	r9, r1
    1af4:	5e 01       	movw	r10, r28
    1af6:	2f ef       	ldi	r18, 0xFF	; 255
    1af8:	a2 1a       	sub	r10, r18
    1afa:	b2 0a       	sbc	r11, r18

00001afc <.L28>:
    1afc:	e8 94       	clt
    1afe:	77 f8       	bld	r7, 7

00001b00 <.L30>:
    1b00:	73 fc       	sbrc	r7, 3
    1b02:	03 c0       	rjmp	.+6      	; 0x1b0a <.L36>

00001b04 <.L32>:
    1b04:	86 14       	cp	r8, r6
    1b06:	91 04       	cpc	r9, r1
    1b08:	f0 f1       	brcs	.+124    	; 0x1b86 <.L34>

00001b0a <.L36>:
    1b0a:	81 14       	cp	r8, r1
    1b0c:	91 04       	cpc	r9, r1
    1b0e:	09 f0       	breq	.+2      	; 0x1b12 <.L77>

00001b10 <L0^A>:
    1b10:	41 c0       	rjmp	.+130    	; 0x1b94 <.L37>

00001b12 <.L77>:
    1b12:	61 14       	cp	r6, r1
    1b14:	09 f4       	brne	.+2      	; 0x1b18 <L0^A+0x2>

00001b16 <L0^A>:
    1b16:	3b cf       	rjmp	.-394    	; 0x198e <.L3>
    1b18:	b6 01       	movw	r22, r12
    1b1a:	80 e2       	ldi	r24, 0x20	; 32
    1b1c:	90 e0       	ldi	r25, 0x00	; 0
    1b1e:	0e 94 bd 0e 	call	0x1d7a	; 0x1d7a <fputc>
    1b22:	6a 94       	dec	r6
    1b24:	f6 cf       	rjmp	.-20     	; 0x1b12 <.L77>

00001b26 <.L26>:
    1b26:	0c 5f       	subi	r16, 0xFC	; 252
    1b28:	1f 4f       	sbci	r17, 0xFF	; 255
    1b2a:	df cf       	rjmp	.-66     	; 0x1aea <.L27>

00001b2c <.L22>:
    1b2c:	f8 01       	movw	r30, r16
    1b2e:	80 81       	ld	r24, Z
    1b30:	89 83       	std	Y+1, r24	; 0x01
    1b32:	0e 5f       	subi	r16, 0xFE	; 254
    1b34:	1f 4f       	sbci	r17, 0xFF	; 255
    1b36:	91 e0       	ldi	r25, 0x01	; 1
    1b38:	89 2e       	mov	r8, r25
    1b3a:	91 2c       	mov	r9, r1
    1b3c:	5e 01       	movw	r10, r28
    1b3e:	ff ef       	ldi	r31, 0xFF	; 255
    1b40:	af 1a       	sub	r10, r31
    1b42:	bf 0a       	sbc	r11, r31
    1b44:	db cf       	rjmp	.-74     	; 0x1afc <.L28>

00001b46 <.L23>:
    1b46:	f8 01       	movw	r30, r16
    1b48:	a1 90       	ld	r10, Z+
    1b4a:	b1 90       	ld	r11, Z+
    1b4c:	8f 01       	movw	r16, r30
    1b4e:	69 2d       	mov	r22, r9
    1b50:	70 e0       	ldi	r23, 0x00	; 0
    1b52:	76 fc       	sbrc	r7, 6
    1b54:	02 c0       	rjmp	.+4      	; 0x1b5a <.L29>
    1b56:	6f ef       	ldi	r22, 0xFF	; 255
    1b58:	7f ef       	ldi	r23, 0xFF	; 255

00001b5a <.L29>:
    1b5a:	c5 01       	movw	r24, r10
    1b5c:	0e 94 b2 0e 	call	0x1d64	; 0x1d64 <strnlen>
    1b60:	4c 01       	movw	r8, r24
    1b62:	cc cf       	rjmp	.-104    	; 0x1afc <.L28>

00001b64 <.L24>:
    1b64:	f8 01       	movw	r30, r16
    1b66:	a1 90       	ld	r10, Z+
    1b68:	b1 90       	ld	r11, Z+
    1b6a:	8f 01       	movw	r16, r30
    1b6c:	69 2d       	mov	r22, r9
    1b6e:	70 e0       	ldi	r23, 0x00	; 0
    1b70:	76 fc       	sbrc	r7, 6
    1b72:	02 c0       	rjmp	.+4      	; 0x1b78 <.L31>
    1b74:	6f ef       	ldi	r22, 0xFF	; 255
    1b76:	7f ef       	ldi	r23, 0xFF	; 255

00001b78 <.L31>:
    1b78:	c5 01       	movw	r24, r10
    1b7a:	0e 94 a7 0e 	call	0x1d4e	; 0x1d4e <strnlen_P>
    1b7e:	4c 01       	movw	r8, r24
    1b80:	68 94       	set
    1b82:	77 f8       	bld	r7, 7
    1b84:	bd cf       	rjmp	.-134    	; 0x1b00 <.L30>

00001b86 <.L34>:
    1b86:	b6 01       	movw	r22, r12
    1b88:	80 e2       	ldi	r24, 0x20	; 32
    1b8a:	90 e0       	ldi	r25, 0x00	; 0
    1b8c:	0e 94 bd 0e 	call	0x1d7a	; 0x1d7a <fputc>
    1b90:	6a 94       	dec	r6
    1b92:	b8 cf       	rjmp	.-144    	; 0x1b04 <.L32>

00001b94 <.L37>:
    1b94:	f5 01       	movw	r30, r10
    1b96:	77 fc       	sbrc	r7, 7
    1b98:	85 91       	lpm	r24, Z+
    1b9a:	77 fe       	sbrs	r7, 7
    1b9c:	81 91       	ld	r24, Z+
    1b9e:	5f 01       	movw	r10, r30
    1ba0:	b6 01       	movw	r22, r12
    1ba2:	90 e0       	ldi	r25, 0x00	; 0
    1ba4:	0e 94 bd 0e 	call	0x1d7a	; 0x1d7a <fputc>
    1ba8:	81 e0       	ldi	r24, 0x01	; 1
    1baa:	61 10       	cpse	r6, r1
    1bac:	01 c0       	rjmp	.+2      	; 0x1bb0 <.L35>
    1bae:	80 e0       	ldi	r24, 0x00	; 0

00001bb0 <.L35>:
    1bb0:	68 1a       	sub	r6, r24
    1bb2:	f1 e0       	ldi	r31, 0x01	; 1
    1bb4:	8f 1a       	sub	r8, r31
    1bb6:	91 08       	sbc	r9, r1
    1bb8:	a8 cf       	rjmp	.-176    	; 0x1b0a <.L36>

00001bba <.L41>:
    1bba:	61 91       	ld	r22, Z+
    1bbc:	71 91       	ld	r23, Z+
    1bbe:	87 2f       	mov	r24, r23
    1bc0:	88 0f       	add	r24, r24
    1bc2:	88 0b       	sbc	r24, r24
    1bc4:	98 2f       	mov	r25, r24
    1bc6:	63 cf       	rjmp	.-314    	; 0x1a8e <.L126>

00001bc8 <.L40>:
    1bc8:	95 37       	cpi	r25, 0x75	; 117
    1bca:	c9 f4       	brne	.+50     	; 0x1bfe <.L45>
    1bcc:	87 2c       	mov	r8, r7
    1bce:	e8 94       	clt
    1bd0:	84 f8       	bld	r8, 4
    1bd2:	2a e0       	ldi	r18, 0x0A	; 10
    1bd4:	30 e0       	ldi	r19, 0x00	; 0

00001bd6 <.L46>:
    1bd6:	f8 01       	movw	r30, r16
    1bd8:	87 fe       	sbrs	r8, 7
    1bda:	39 c0       	rjmp	.+114    	; 0x1c4e <.L52>
    1bdc:	61 91       	ld	r22, Z+
    1bde:	71 91       	ld	r23, Z+
    1be0:	81 91       	ld	r24, Z+
    1be2:	91 91       	ld	r25, Z+

00001be4 <.L127>:
    1be4:	8f 01       	movw	r16, r30
    1be6:	5e 01       	movw	r10, r28
    1be8:	ff ef       	ldi	r31, 0xFF	; 255
    1bea:	af 1a       	sub	r10, r31
    1bec:	bf 0a       	sbc	r11, r31
    1bee:	a5 01       	movw	r20, r10
    1bf0:	0e 94 ed 0e 	call	0x1dda	; 0x1dda <__ultoa_invert>
    1bf4:	78 2e       	mov	r7, r24
    1bf6:	7a 18       	sub	r7, r10
    1bf8:	e8 94       	clt
    1bfa:	87 f8       	bld	r8, 7
    1bfc:	5d cf       	rjmp	.-326    	; 0x1ab8 <.L44>

00001bfe <.L45>:
    1bfe:	87 2d       	mov	r24, r7
    1c00:	89 7f       	andi	r24, 0xF9	; 249
    1c02:	88 2e       	mov	r8, r24
    1c04:	90 37       	cpi	r25, 0x70	; 112
    1c06:	99 f0       	breq	.+38     	; 0x1c2e <.L47>
    1c08:	58 f4       	brcc	.+22     	; 0x1c20 <.L48>
    1c0a:	98 35       	cpi	r25, 0x58	; 88
    1c0c:	a9 f0       	breq	.+42     	; 0x1c38 <.L49>
    1c0e:	9f 36       	cpi	r25, 0x6F	; 111
    1c10:	d9 f0       	breq	.+54     	; 0x1c48 <.L85>

00001c12 <.L4>:
    1c12:	f6 01       	movw	r30, r12
    1c14:	86 81       	ldd	r24, Z+6	; 0x06
    1c16:	97 81       	ldd	r25, Z+7	; 0x07

00001c18 <.L1>:
    1c18:	2b 96       	adiw	r28, 0x0b	; 11
    1c1a:	ef e0       	ldi	r30, 0x0F	; 15
    1c1c:	0c 94 72 0f 	jmp	0x1ee4	; 0x1ee4 <.Loc.3>

00001c20 <.L48>:
    1c20:	98 37       	cpi	r25, 0x78	; 120
    1c22:	b9 f7       	brne	.-18     	; 0x1c12 <.L4>
    1c24:	74 fc       	sbrc	r7, 4
    1c26:	05 c0       	rjmp	.+10     	; 0x1c32 <.L51>

00001c28 <.L86>:
    1c28:	20 e1       	ldi	r18, 0x10	; 16
    1c2a:	30 e0       	ldi	r19, 0x00	; 0
    1c2c:	d4 cf       	rjmp	.-88     	; 0x1bd6 <.L46>

00001c2e <.L47>:
    1c2e:	68 94       	set
    1c30:	84 f8       	bld	r8, 4

00001c32 <.L51>:
    1c32:	68 94       	set
    1c34:	82 f8       	bld	r8, 2
    1c36:	f8 cf       	rjmp	.-16     	; 0x1c28 <.L86>

00001c38 <.L49>:
    1c38:	74 fe       	sbrs	r7, 4
    1c3a:	03 c0       	rjmp	.+6      	; 0x1c42 <.L87>
    1c3c:	e7 2d       	mov	r30, r7
    1c3e:	e6 60       	ori	r30, 0x06	; 6
    1c40:	8e 2e       	mov	r8, r30

00001c42 <.L87>:
    1c42:	20 e1       	ldi	r18, 0x10	; 16
    1c44:	32 e0       	ldi	r19, 0x02	; 2
    1c46:	c7 cf       	rjmp	.-114    	; 0x1bd6 <.L46>

00001c48 <.L85>:
    1c48:	28 e0       	ldi	r18, 0x08	; 8
    1c4a:	30 e0       	ldi	r19, 0x00	; 0
    1c4c:	c4 cf       	rjmp	.-120    	; 0x1bd6 <.L46>

00001c4e <.L52>:
    1c4e:	61 91       	ld	r22, Z+
    1c50:	71 91       	ld	r23, Z+
    1c52:	80 e0       	ldi	r24, 0x00	; 0
    1c54:	90 e0       	ldi	r25, 0x00	; 0
    1c56:	c6 cf       	rjmp	.-116    	; 0x1be4 <.L127>

00001c58 <.L88>:
    1c58:	88 2e       	mov	r8, r24

00001c5a <.L54>:
    1c5a:	b7 2c       	mov	r11, r7
    1c5c:	84 fe       	sbrs	r8, 4
    1c5e:	3a cf       	rjmp	.-396    	; 0x1ad4 <.L55>

00001c60 <.L56>:
    1c60:	fe 01       	movw	r30, r28
    1c62:	e7 0d       	add	r30, r7
    1c64:	f1 1d       	adc	r31, r1
    1c66:	80 81       	ld	r24, Z
    1c68:	80 33       	cpi	r24, 0x30	; 48
    1c6a:	09 f0       	breq	.+2      	; 0x1c6e <L0^A+0x2>

00001c6c <L0^A>:
    1c6c:	44 c0       	rjmp	.+136    	; 0x1cf6 <.L57>
    1c6e:	49 ee       	ldi	r20, 0xE9	; 233
    1c70:	84 22       	and	r8, r20

00001c72 <.L58>:
    1c72:	83 fc       	sbrc	r8, 3
    1c74:	0e c0       	rjmp	.+28     	; 0x1c92 <.L60>
    1c76:	80 fe       	sbrs	r8, 0
    1c78:	51 c0       	rjmp	.+162    	; 0x1d1c <.L92>
    1c7a:	97 2c       	mov	r9, r7
    1c7c:	b6 14       	cp	r11, r6
    1c7e:	18 f4       	brcc	.+6      	; 0x1c86 <.L79>
    1c80:	96 0c       	add	r9, r6
    1c82:	9b 18       	sub	r9, r11
    1c84:	b6 2c       	mov	r11, r6

00001c86 <.L79>:
    1c86:	86 2d       	mov	r24, r6
    1c88:	8b 19       	sub	r24, r11
    1c8a:	6b 14       	cp	r6, r11
    1c8c:	08 f4       	brcc	.+2      	; 0x1c90 <.L65>
    1c8e:	80 e0       	ldi	r24, 0x00	; 0

00001c90 <.L65>:
    1c90:	b8 0e       	add	r11, r24

00001c92 <.L60>:
    1c92:	b6 14       	cp	r11, r6
    1c94:	08 f0       	brcs	.+2      	; 0x1c98 <L0^A+0x2>

00001c96 <L0^A>:
    1c96:	44 c0       	rjmp	.+136    	; 0x1d20 <.L94>
    1c98:	6b 18       	sub	r6, r11

00001c9a <.L67>:
    1c9a:	84 fe       	sbrs	r8, 4
    1c9c:	43 c0       	rjmp	.+134    	; 0x1d24 <.L68>
    1c9e:	b6 01       	movw	r22, r12
    1ca0:	80 e3       	ldi	r24, 0x30	; 48
    1ca2:	90 e0       	ldi	r25, 0x00	; 0
    1ca4:	0e 94 bd 0e 	call	0x1d7a	; 0x1d7a <fputc>
    1ca8:	82 fe       	sbrs	r8, 2
    1caa:	09 c0       	rjmp	.+18     	; 0x1cbe <.L74>
    1cac:	88 e5       	ldi	r24, 0x58	; 88
    1cae:	90 e0       	ldi	r25, 0x00	; 0
    1cb0:	81 fc       	sbrc	r8, 1
    1cb2:	02 c0       	rjmp	.+4      	; 0x1cb8 <.L70>
    1cb4:	88 e7       	ldi	r24, 0x78	; 120
    1cb6:	90 e0       	ldi	r25, 0x00	; 0

00001cb8 <.L70>:
    1cb8:	b6 01       	movw	r22, r12

00001cba <.L129>:
    1cba:	0e 94 bd 0e 	call	0x1d7a	; 0x1d7a <fputc>

00001cbe <.L74>:
    1cbe:	79 14       	cp	r7, r9
    1cc0:	e0 f1       	brcs	.+120    	; 0x1d3a <.L75>
    1cc2:	5e 01       	movw	r10, r28
    1cc4:	8f ef       	ldi	r24, 0xFF	; 255
    1cc6:	a8 1a       	sub	r10, r24
    1cc8:	b8 0a       	sbc	r11, r24
    1cca:	7a 94       	dec	r7
    1ccc:	82 e0       	ldi	r24, 0x02	; 2
    1cce:	88 2e       	mov	r8, r24
    1cd0:	91 2c       	mov	r9, r1
    1cd2:	8c 0e       	add	r8, r28
    1cd4:	9d 1e       	adc	r9, r29
    1cd6:	87 0c       	add	r8, r7
    1cd8:	91 1c       	adc	r9, r1

00001cda <.L76>:
    1cda:	f4 01       	movw	r30, r8
    1cdc:	82 91       	ld	r24, -Z
    1cde:	4f 01       	movw	r8, r30
    1ce0:	b6 01       	movw	r22, r12
    1ce2:	90 e0       	ldi	r25, 0x00	; 0
    1ce4:	0e 94 bd 0e 	call	0x1d7a	; 0x1d7a <fputc>
    1ce8:	8a 14       	cp	r8, r10
    1cea:	9b 04       	cpc	r9, r11
    1cec:	b1 f7       	brne	.-20     	; 0x1cda <.L76>
    1cee:	11 cf       	rjmp	.-478    	; 0x1b12 <.L77>

00001cf0 <.L90>:
    1cf0:	b9 2c       	mov	r11, r9
    1cf2:	88 2e       	mov	r8, r24
    1cf4:	b5 cf       	rjmp	.-150    	; 0x1c60 <.L56>

00001cf6 <.L57>:
    1cf6:	82 fc       	sbrc	r8, 2
    1cf8:	02 c0       	rjmp	.+4      	; 0x1cfe <.L59>

00001cfa <.L128>:
    1cfa:	b3 94       	inc	r11
    1cfc:	ba cf       	rjmp	.-140    	; 0x1c72 <.L58>

00001cfe <.L59>:
    1cfe:	b3 94       	inc	r11
    1d00:	b3 94       	inc	r11
    1d02:	b7 cf       	rjmp	.-146    	; 0x1c72 <.L58>

00001d04 <.L89>:
    1d04:	b9 2c       	mov	r11, r9
    1d06:	88 2e       	mov	r8, r24
    1d08:	e5 ce       	rjmp	.-566    	; 0x1ad4 <.L55>

00001d0a <.L63>:
    1d0a:	b6 01       	movw	r22, r12
    1d0c:	80 e2       	ldi	r24, 0x20	; 32
    1d0e:	90 e0       	ldi	r25, 0x00	; 0
    1d10:	0e 94 bd 0e 	call	0x1d7a	; 0x1d7a <fputc>
    1d14:	a3 94       	inc	r10

00001d16 <.L61>:
    1d16:	a6 14       	cp	r10, r6
    1d18:	c0 f3       	brcs	.-16     	; 0x1d0a <.L63>
    1d1a:	b5 cf       	rjmp	.-150    	; 0x1c86 <.L79>

00001d1c <.L92>:
    1d1c:	ab 2c       	mov	r10, r11
    1d1e:	fb cf       	rjmp	.-10     	; 0x1d16 <.L61>

00001d20 <.L94>:
    1d20:	61 2c       	mov	r6, r1
    1d22:	bb cf       	rjmp	.-138    	; 0x1c9a <.L67>

00001d24 <.L68>:
    1d24:	88 2d       	mov	r24, r8
    1d26:	86 78       	andi	r24, 0x86	; 134
    1d28:	51 f2       	breq	.-108    	; 0x1cbe <.L74>
    1d2a:	80 e2       	ldi	r24, 0x20	; 32
    1d2c:	81 fc       	sbrc	r8, 1
    1d2e:	8b e2       	ldi	r24, 0x2B	; 43
    1d30:	87 fc       	sbrc	r8, 7
    1d32:	8d e2       	ldi	r24, 0x2D	; 45
    1d34:	b6 01       	movw	r22, r12
    1d36:	90 e0       	ldi	r25, 0x00	; 0
    1d38:	c0 cf       	rjmp	.-128    	; 0x1cba <.L129>

00001d3a <.L75>:
    1d3a:	b6 01       	movw	r22, r12
    1d3c:	80 e3       	ldi	r24, 0x30	; 48
    1d3e:	90 e0       	ldi	r25, 0x00	; 0
    1d40:	0e 94 bd 0e 	call	0x1d7a	; 0x1d7a <fputc>
    1d44:	9a 94       	dec	r9
    1d46:	bb cf       	rjmp	.-138    	; 0x1cbe <.L74>

00001d48 <.L80>:
    1d48:	8f ef       	ldi	r24, 0xFF	; 255
    1d4a:	9f ef       	ldi	r25, 0xFF	; 255
    1d4c:	65 cf       	rjmp	.-310    	; 0x1c18 <.L1>

00001d4e <strnlen_P>:
    1d4e:	fc 01       	movw	r30, r24

00001d50 <.L_strnlen_P_loop>:
    1d50:	05 90       	lpm	r0, Z+
    1d52:	61 50       	subi	r22, 0x01	; 1
    1d54:	70 40       	sbci	r23, 0x00	; 0
    1d56:	01 10       	cpse	r0, r1
    1d58:	d8 f7       	brcc	.-10     	; 0x1d50 <.L_strnlen_P_loop>
    1d5a:	80 95       	com	r24
    1d5c:	90 95       	com	r25
    1d5e:	8e 0f       	add	r24, r30
    1d60:	9f 1f       	adc	r25, r31
    1d62:	08 95       	ret

00001d64 <strnlen>:
    1d64:	fc 01       	movw	r30, r24

00001d66 <.L_strnlen_loop>:
    1d66:	61 50       	subi	r22, 0x01	; 1
    1d68:	70 40       	sbci	r23, 0x00	; 0
    1d6a:	01 90       	ld	r0, Z+
    1d6c:	01 10       	cpse	r0, r1
    1d6e:	d8 f7       	brcc	.-10     	; 0x1d66 <.L_strnlen_loop>
    1d70:	80 95       	com	r24
    1d72:	90 95       	com	r25
    1d74:	8e 0f       	add	r24, r30
    1d76:	9f 1f       	adc	r25, r31
    1d78:	08 95       	ret

00001d7a <fputc>:
    1d7a:	0f 93       	push	r16
    1d7c:	1f 93       	push	r17
    1d7e:	cf 93       	push	r28
    1d80:	df 93       	push	r29
    1d82:	18 2f       	mov	r17, r24
    1d84:	09 2f       	mov	r16, r25
    1d86:	eb 01       	movw	r28, r22
    1d88:	8b 81       	ldd	r24, Y+3	; 0x03
    1d8a:	81 fd       	sbrc	r24, 1
    1d8c:	09 c0       	rjmp	.+18     	; 0x1da0 <.L2>

00001d8e <.L7>:
    1d8e:	0f ef       	ldi	r16, 0xFF	; 255
    1d90:	1f ef       	ldi	r17, 0xFF	; 255

00001d92 <.L3>:
    1d92:	81 2f       	mov	r24, r17
    1d94:	90 2f       	mov	r25, r16
    1d96:	df 91       	pop	r29
    1d98:	cf 91       	pop	r28
    1d9a:	1f 91       	pop	r17
    1d9c:	0f 91       	pop	r16
    1d9e:	08 95       	ret

00001da0 <.L2>:
    1da0:	82 ff       	sbrs	r24, 2
    1da2:	14 c0       	rjmp	.+40     	; 0x1dcc <.L4>
    1da4:	2e 81       	ldd	r18, Y+6	; 0x06
    1da6:	3f 81       	ldd	r19, Y+7	; 0x07
    1da8:	8c 81       	ldd	r24, Y+4	; 0x04
    1daa:	9d 81       	ldd	r25, Y+5	; 0x05
    1dac:	28 17       	cp	r18, r24
    1dae:	39 07       	cpc	r19, r25
    1db0:	3c f4       	brge	.+14     	; 0x1dc0 <.L8>
    1db2:	e8 81       	ld	r30, Y
    1db4:	f9 81       	ldd	r31, Y+1	; 0x01
    1db6:	cf 01       	movw	r24, r30
    1db8:	01 96       	adiw	r24, 0x01	; 1
    1dba:	88 83       	st	Y, r24
    1dbc:	99 83       	std	Y+1, r25	; 0x01
    1dbe:	10 83       	st	Z, r17

00001dc0 <.L8>:
    1dc0:	8e 81       	ldd	r24, Y+6	; 0x06
    1dc2:	9f 81       	ldd	r25, Y+7	; 0x07
    1dc4:	01 96       	adiw	r24, 0x01	; 1
    1dc6:	8e 83       	std	Y+6, r24	; 0x06
    1dc8:	9f 83       	std	Y+7, r25	; 0x07
    1dca:	e3 cf       	rjmp	.-58     	; 0x1d92 <.L3>

00001dcc <.L4>:
    1dcc:	e8 85       	ldd	r30, Y+8	; 0x08
    1dce:	f9 85       	ldd	r31, Y+9	; 0x09
    1dd0:	81 2f       	mov	r24, r17
    1dd2:	09 95       	icall
    1dd4:	89 2b       	or	r24, r25
    1dd6:	a1 f3       	breq	.-24     	; 0x1dc0 <.L8>
    1dd8:	da cf       	rjmp	.-76     	; 0x1d8e <.L7>

00001dda <__ultoa_invert>:
    1dda:	fa 01       	movw	r30, r20
    1ddc:	aa 27       	eor	r26, r26
    1dde:	28 30       	cpi	r18, 0x08	; 8
    1de0:	51 f1       	breq	.+84     	; 0x1e36 <.L_oct>
    1de2:	20 31       	cpi	r18, 0x10	; 16
    1de4:	81 f1       	breq	.+96     	; 0x1e46 <.L_hex>
    1de6:	e8 94       	clt

00001de8 <.L_dec_loop>:
    1de8:	6f 93       	push	r22
    1dea:	6e 7f       	andi	r22, 0xFE	; 254
    1dec:	6e 5f       	subi	r22, 0xFE	; 254
    1dee:	7f 4f       	sbci	r23, 0xFF	; 255
    1df0:	8f 4f       	sbci	r24, 0xFF	; 255
    1df2:	9f 4f       	sbci	r25, 0xFF	; 255
    1df4:	af 4f       	sbci	r26, 0xFF	; 255
    1df6:	b1 e0       	ldi	r27, 0x01	; 1
    1df8:	3e d0       	rcall	.+124    	; 0x1e76 <.L_div_add>
    1dfa:	b4 e0       	ldi	r27, 0x04	; 4
    1dfc:	3c d0       	rcall	.+120    	; 0x1e76 <.L_div_add>
    1dfe:	67 0f       	add	r22, r23
    1e00:	78 1f       	adc	r23, r24
    1e02:	89 1f       	adc	r24, r25
    1e04:	9a 1f       	adc	r25, r26
    1e06:	a1 1d       	adc	r26, r1
    1e08:	68 0f       	add	r22, r24
    1e0a:	79 1f       	adc	r23, r25
    1e0c:	8a 1f       	adc	r24, r26
    1e0e:	91 1d       	adc	r25, r1
    1e10:	a1 1d       	adc	r26, r1
    1e12:	6a 0f       	add	r22, r26
    1e14:	71 1d       	adc	r23, r1
    1e16:	81 1d       	adc	r24, r1
    1e18:	91 1d       	adc	r25, r1
    1e1a:	a1 1d       	adc	r26, r1
    1e1c:	20 d0       	rcall	.+64     	; 0x1e5e <.L_lsr_4>
    1e1e:	09 f4       	brne	.+2      	; 0x1e22 <.L1^B1>
    1e20:	68 94       	set

00001e22 <.L1^B1>:
    1e22:	3f 91       	pop	r19
    1e24:	2a e0       	ldi	r18, 0x0A	; 10
    1e26:	26 9f       	mul	r18, r22
    1e28:	11 24       	eor	r1, r1
    1e2a:	30 19       	sub	r19, r0
    1e2c:	30 5d       	subi	r19, 0xD0	; 208
    1e2e:	31 93       	st	Z+, r19
    1e30:	de f6       	brtc	.-74     	; 0x1de8 <.L_dec_loop>

00001e32 <.L_eos>:
    1e32:	cf 01       	movw	r24, r30
    1e34:	08 95       	ret

00001e36 <.L_oct>:
    1e36:	46 2f       	mov	r20, r22
    1e38:	47 70       	andi	r20, 0x07	; 7
    1e3a:	40 5d       	subi	r20, 0xD0	; 208
    1e3c:	41 93       	st	Z+, r20
    1e3e:	b3 e0       	ldi	r27, 0x03	; 3
    1e40:	0f d0       	rcall	.+30     	; 0x1e60 <.L_lsr>
    1e42:	c9 f7       	brne	.-14     	; 0x1e36 <.L_oct>
    1e44:	f6 cf       	rjmp	.-20     	; 0x1e32 <.L_eos>

00001e46 <.L_hex>:
    1e46:	46 2f       	mov	r20, r22
    1e48:	4f 70       	andi	r20, 0x0F	; 15
    1e4a:	40 5d       	subi	r20, 0xD0	; 208
    1e4c:	4a 33       	cpi	r20, 0x3A	; 58
    1e4e:	18 f0       	brcs	.+6      	; 0x1e56 <.L3^B1>
    1e50:	49 5d       	subi	r20, 0xD9	; 217
    1e52:	31 fd       	sbrc	r19, 1
    1e54:	40 52       	subi	r20, 0x20	; 32

00001e56 <.L3^B1>:
    1e56:	41 93       	st	Z+, r20
    1e58:	02 d0       	rcall	.+4      	; 0x1e5e <.L_lsr_4>
    1e5a:	a9 f7       	brne	.-22     	; 0x1e46 <.L_hex>
    1e5c:	ea cf       	rjmp	.-44     	; 0x1e32 <.L_eos>

00001e5e <.L_lsr_4>:
    1e5e:	b4 e0       	ldi	r27, 0x04	; 4

00001e60 <.L_lsr>:
    1e60:	a6 95       	lsr	r26
    1e62:	97 95       	ror	r25
    1e64:	87 95       	ror	r24
    1e66:	77 95       	ror	r23
    1e68:	67 95       	ror	r22
    1e6a:	ba 95       	dec	r27
    1e6c:	c9 f7       	brne	.-14     	; 0x1e60 <.L_lsr>
    1e6e:	00 97       	sbiw	r24, 0x00	; 0
    1e70:	61 05       	cpc	r22, r1
    1e72:	71 05       	cpc	r23, r1
    1e74:	08 95       	ret

00001e76 <.L_div_add>:
    1e76:	9b 01       	movw	r18, r22
    1e78:	ac 01       	movw	r20, r24
    1e7a:	0a 2e       	mov	r0, r26

00001e7c <.L7^B1>:
    1e7c:	06 94       	lsr	r0
    1e7e:	57 95       	ror	r21
    1e80:	47 95       	ror	r20
    1e82:	37 95       	ror	r19
    1e84:	27 95       	ror	r18
    1e86:	ba 95       	dec	r27
    1e88:	c9 f7       	brne	.-14     	; 0x1e7c <.L7^B1>
    1e8a:	62 0f       	add	r22, r18
    1e8c:	73 1f       	adc	r23, r19
    1e8e:	84 1f       	adc	r24, r20
    1e90:	95 1f       	adc	r25, r21
    1e92:	a0 1d       	adc	r26, r0
    1e94:	08 95       	ret

00001e96 <__negsi2>:
    1e96:	90 95       	com	r25
    1e98:	80 95       	com	r24
    1e9a:	70 95       	com	r23
    1e9c:	61 95       	neg	r22
    1e9e:	7f 4f       	sbci	r23, 0xFF	; 255
    1ea0:	8f 4f       	sbci	r24, 0xFF	; 255
    1ea2:	9f 4f       	sbci	r25, 0xFF	; 255

00001ea4 <.Loc.1>:
    1ea4:	08 95       	ret

00001ea6 <__prologue_saves__>:
    1ea6:	2f 92       	push	r2

00001ea8 <.Loc.1>:
    1ea8:	3f 92       	push	r3

00001eaa <.Loc.2>:
    1eaa:	4f 92       	push	r4

00001eac <.Loc.3>:
    1eac:	5f 92       	push	r5

00001eae <.Loc.4>:
    1eae:	6f 92       	push	r6

00001eb0 <.Loc.5>:
    1eb0:	7f 92       	push	r7

00001eb2 <.Loc.6>:
    1eb2:	8f 92       	push	r8

00001eb4 <.Loc.7>:
    1eb4:	9f 92       	push	r9

00001eb6 <.Loc.8>:
    1eb6:	af 92       	push	r10

00001eb8 <.Loc.9>:
    1eb8:	bf 92       	push	r11

00001eba <.Loc.10>:
    1eba:	cf 92       	push	r12

00001ebc <.Loc.11>:
    1ebc:	df 92       	push	r13

00001ebe <.Loc.12>:
    1ebe:	ef 92       	push	r14

00001ec0 <.Loc.13>:
    1ec0:	ff 92       	push	r15

00001ec2 <.Loc.14>:
    1ec2:	0f 93       	push	r16

00001ec4 <.Loc.15>:
    1ec4:	1f 93       	push	r17

00001ec6 <.Loc.16>:
    1ec6:	cf 93       	push	r28

00001ec8 <.Loc.17>:
    1ec8:	df 93       	push	r29

00001eca <.Loc.18>:
    1eca:	cd b7       	in	r28, 0x3d	; 61

00001ecc <.Loc.19>:
    1ecc:	de b7       	in	r29, 0x3e	; 62

00001ece <.Loc.20>:
    1ece:	ca 1b       	sub	r28, r26

00001ed0 <.Loc.21>:
    1ed0:	db 0b       	sbc	r29, r27

00001ed2 <.Loc.22>:
    1ed2:	0f b6       	in	r0, 0x3f	; 63

00001ed4 <.Loc.23>:
    1ed4:	f8 94       	cli

00001ed6 <.Loc.24>:
    1ed6:	de bf       	out	0x3e, r29	; 62

00001ed8 <.Loc.25>:
    1ed8:	0f be       	out	0x3f, r0	; 63

00001eda <.Loc.26>:
    1eda:	cd bf       	out	0x3d, r28	; 61

00001edc <.Loc.27>:
    1edc:	09 94       	ijmp

00001ede <__epilogue_restores__>:
    1ede:	2a 88       	ldd	r2, Y+18	; 0x12

00001ee0 <.Loc.1>:
    1ee0:	39 88       	ldd	r3, Y+17	; 0x11

00001ee2 <.Loc.2>:
    1ee2:	48 88       	ldd	r4, Y+16	; 0x10

00001ee4 <.Loc.3>:
    1ee4:	5f 84       	ldd	r5, Y+15	; 0x0f

00001ee6 <.Loc.4>:
    1ee6:	6e 84       	ldd	r6, Y+14	; 0x0e

00001ee8 <.Loc.5>:
    1ee8:	7d 84       	ldd	r7, Y+13	; 0x0d

00001eea <.Loc.6>:
    1eea:	8c 84       	ldd	r8, Y+12	; 0x0c

00001eec <.Loc.7>:
    1eec:	9b 84       	ldd	r9, Y+11	; 0x0b

00001eee <.Loc.8>:
    1eee:	aa 84       	ldd	r10, Y+10	; 0x0a

00001ef0 <.Loc.9>:
    1ef0:	b9 84       	ldd	r11, Y+9	; 0x09

00001ef2 <.Loc.10>:
    1ef2:	c8 84       	ldd	r12, Y+8	; 0x08

00001ef4 <.Loc.11>:
    1ef4:	df 80       	ldd	r13, Y+7	; 0x07

00001ef6 <.Loc.12>:
    1ef6:	ee 80       	ldd	r14, Y+6	; 0x06

00001ef8 <.Loc.13>:
    1ef8:	fd 80       	ldd	r15, Y+5	; 0x05

00001efa <.Loc.14>:
    1efa:	0c 81       	ldd	r16, Y+4	; 0x04

00001efc <.Loc.15>:
    1efc:	1b 81       	ldd	r17, Y+3	; 0x03

00001efe <.Loc.16>:
    1efe:	aa 81       	ldd	r26, Y+2	; 0x02

00001f00 <.Loc.17>:
    1f00:	b9 81       	ldd	r27, Y+1	; 0x01

00001f02 <.Loc.18>:
    1f02:	ce 0f       	add	r28, r30

00001f04 <.Loc.19>:
    1f04:	d1 1d       	adc	r29, r1

00001f06 <.Loc.20>:
    1f06:	0f b6       	in	r0, 0x3f	; 63

00001f08 <.Loc.21>:
    1f08:	f8 94       	cli

00001f0a <.Loc.22>:
    1f0a:	de bf       	out	0x3e, r29	; 62

00001f0c <.Loc.23>:
    1f0c:	0f be       	out	0x3f, r0	; 63

00001f0e <.Loc.24>:
    1f0e:	cd bf       	out	0x3d, r28	; 61

00001f10 <.Loc.25>:
    1f10:	ed 01       	movw	r28, r26

00001f12 <.Loc.26>:
    1f12:	08 95       	ret

00001f14 <_exit>:
    1f14:	f8 94       	cli

00001f16 <__stop_program>:
    1f16:	ff cf       	rjmp	.-2      	; 0x1f16 <__stop_program>

00001f18 <L0^A>:
    1f18:	7a 0a       	sbc	r7, r26
    1f1a:	6f 0a       	sbc	r6, r31
    1f1c:	3e 0a       	sbc	r3, r30
    1f1e:	6e 0a       	sbc	r6, r30
    1f20:	3d 0a       	sbc	r3, r29
    1f22:	7c 0a       	sbc	r7, r28
    1f24:	3c 0a       	sbc	r3, r28
